contrast,method,key,site,radius_mm,center_mni,voxels,volume_mm3,d_z,n,critical_extent,peak_in_template_count,peak_in_template_rate,peak_in_template_CI_low,peak_in_template_CI_high,overlap_count,overlap_rate,overlap_CI_low,overlap_CI_high,mean_coverage
search_CA_minus_JX,gaussian,G1_r6,G1,6.0,"[-54.0, -45.0, 11.099998712539673]",31,920.6999866962434,0.2,1000,21,2,0.002,0.0002423011168772,0.0072058389114574,2,0.002,0.0002423011168772,0.0072058389114574,0.0015483870967741
search_CA_minus_JX,centered_signflip_diagnostic,G1_r6,G1,6.0,"[-54.0, -45.0, 11.099998712539673]",31,920.6999866962434,0.2,1000,8,7,0.007,0.0028188587596205,0.0143691949789186,7,0.007,0.0028188587596205,0.0143691949789186,0.003258064516129
search_CA_minus_JX,gaussian,G1_r6,G1,6.0,"[-54.0, -45.0, 11.099998712539673]",31,920.6999866962434,0.4,1000,21,10,0.01,0.0048055106910493,0.0183132430551124,10,0.01,0.0048055106910493,0.0183132430551124,0.0080967741935483
search_CA_minus_JX,centered_signflip_diagnostic,G1_r6,G1,6.0,"[-54.0, -45.0, 11.099998712539673]",31,920.6999866962434,0.4,1000,8,70,0.07,0.0549715249191699,0.0876162334892846,70,0.07,0.0549715249191699,0.0876162334892846,0.0323870967741935
search_CA_minus_JX,gaussian,G1_r6,G1,6.0,"[-54.0, -45.0, 11.099998712539673]",31,920.6999866962434,0.6,1000,21,93,0.093,0.0757184026068647,0.112719417701156,93,0.093,0.0757184026068647,0.112719417701156,0.0765806451612903
search_CA_minus_JX,centered_signflip_diagnostic,G1_r6,G1,6.0,"[-54.0, -45.0, 11.099998712539673]",31,920.6999866962434,0.6,1000,8,268,0.268,0.2407645062817875,0.2966085920337409,268,0.268,0.2407645062817875,0.2966085920337409,0.1538387096774193
search_CA_minus_JX,gaussian,G1_r6,G1,6.0,"[-54.0, -45.0, 11.099998712539673]",31,920.6999866962434,0.8,1000,21,337,0.337,0.3077195058402127,0.3672438112476698,337,0.337,0.3077195058402127,0.3672438112476698,0.2952903225806451
search_CA_minus_JX,centered_signflip_diagnostic,G1_r6,G1,6.0,"[-54.0, -45.0, 11.099998712539673]",31,920.6999866962434,0.8,1000,8,621,0.621,0.5901106284630275,0.6511746693049582,621,0.621,0.5901106284630275,0.6511746693049582,0.426516129032258
search_CA_minus_JX,gaussian,G1_r6,G1,6.0,"[-54.0, -45.0, 11.099998712539673]",31,920.6999866962434,1.0,1000,21,676,0.676,0.6460072766157738,0.7049523515568272,676,0.676,0.6460072766157738,0.7049523515568272,0.6318064516129032
search_CA_minus_JX,centered_signflip_diagnostic,G1_r6,G1,6.0,"[-54.0, -45.0, 11.099998712539673]",31,920.6999866962434,1.0,1000,8,887,0.887,0.8657282191964616,0.9059603332456124,887,0.887,0.8657282191964616,0.9059603332456124,0.7303225806451613
search_CA_minus_JX,gaussian,G1_r6,G1,6.0,"[-54.0, -45.0, 11.099998712539673]",31,920.6999866962434,1.2,1000,21,915,0.915,0.8959680142216228,0.9315427212290098,915,0.915,0.8959680142216228,0.9315427212290098,0.8865806451612904
search_CA_minus_JX,centered_signflip_diagnostic,G1_r6,G1,6.0,"[-54.0, -45.0, 11.099998712539673]",31,920.6999866962434,1.2,1000,8,973,0.973,0.9609582531940298,0.9821330940747502,973,0.973,0.9609582531940298,0.9821330940747502,0.9157096774193548
search_CA_minus_JX,gaussian,G1_r10,G1,10.0,"[-54.0, -45.0, 11.099998712539673]",139,4128.299940347672,0.2,1000,21,10,0.01,0.0048055106910493,0.0183132430551124,13,0.013,0.0069396175028514,0.0221278036367784,0.0025755395683453
search_CA_minus_JX,centered_signflip_diagnostic,G1_r10,G1,10.0,"[-54.0, -45.0, 11.099998712539673]",139,4128.299940347672,0.2,1000,8,33,0.033,0.0228223833494595,0.0460339818170231,35,0.035,0.0244975278947587,0.0483423816142217,0.0043453237410071
search_CA_minus_JX,gaussian,G1_r10,G1,10.0,"[-54.0, -45.0, 11.099998712539673]",139,4128.299940347672,0.4,1000,21,101,0.101,0.0830201139118023,0.1213668235119683,101,0.101,0.0830201139118023,0.1213668235119683,0.0305035971223021
search_CA_minus_JX,centered_signflip_diagnostic,G1_r10,G1,10.0,"[-54.0, -45.0, 11.099998712539673]",139,4128.299940347672,0.4,1000,8,207,0.207,0.1822809028573465,0.2334569503692595,207,0.207,0.1822809028573465,0.2334569503692595,0.041115107913669
search_CA_minus_JX,gaussian,G1_r10,G1,10.0,"[-54.0, -45.0, 11.099998712539673]",139,4128.299940347672,0.6,1000,21,387,0.387,0.3566826364542767,0.4179847569191046,387,0.387,0.3566826364542767,0.4179847569191046,0.1590791366906474
search_CA_minus_JX,centered_signflip_diagnostic,G1_r10,G1,10.0,"[-54.0, -45.0, 11.099998712539673]",139,4128.299940347672,0.6,1000,8,570,0.57,0.5386469648923902,0.6009397466063684,570,0.57,0.5386469648923902,0.6009397466063684,0.177431654676259
search_CA_minus_JX,gaussian,G1_r10,G1,10.0,"[-54.0, -45.0, 11.099998712539673]",139,4128.299940347672,0.8,1000,21,773,0.773,0.7457540049781717,0.7986281005145828,773,0.773,0.7457540049781717,0.7986281005145828,0.4384532374100719
search_CA_minus_JX,centered_signflip_diagnostic,G1_r10,G1,10.0,"[-54.0, -45.0, 11.099998712539673]",139,4128.299940347672,0.8,1000,8,878,0.878,0.8560957805725834,0.8976488625599234,878,0.878,0.8560957805725834,0.8976488625599234,0.4513741007194244
search_CA_minus_JX,gaussian,G1_r10,G1,10.0,"[-54.0, -45.0, 11.099998712539673]",139,4128.299940347672,1.0,1000,21,961,0.961,0.947069064214555,0.9721228512046636,961,0.961,0.947069064214555,0.9721228512046636,0.742726618705036
search_CA_minus_JX,centered_signflip_diagnostic,G1_r10,G1,10.0,"[-54.0, -45.0, 11.099998712539673]",139,4128.299940347672,1.0,1000,8,986,0.986,0.9766218439896855,0.9923254984349792,986,0.986,0.9766218439896855,0.9923254984349792,0.7461294964028777
search_CA_minus_JX,gaussian,G1_r10,G1,10.0,"[-54.0, -45.0, 11.099998712539673]",139,4128.299940347672,1.2,1000,21,998,0.998,0.9927941610885423,0.9997576988831228,998,0.998,0.9927941610885423,0.9997576988831228,0.9207985611510792
search_CA_minus_JX,centered_signflip_diagnostic,G1_r10,G1,10.0,"[-54.0, -45.0, 11.099998712539673]",139,4128.299940347672,1.2,1000,8,1000,1.0,0.9963179161031344,1.0,1000,1.0,0.9963179161031344,1.0,0.9213453237410072
search_CA_minus_JX,gaussian,G1_r14,G1,14.0,"[-54.0, -45.0, 11.099998712539673]",397,11790.899829626083,0.2,1000,21,27,0.027,0.0178669059252497,0.0390417468059701,27,0.027,0.0178669059252497,0.0390417468059701,0.0030226700251889
search_CA_minus_JX,centered_signflip_diagnostic,G1_r14,G1,14.0,"[-54.0, -45.0, 11.099998712539673]",397,11790.899829626083,0.2,1000,8,67,0.067,0.0522978364000451,0.0843100371024414,68,0.068,0.0531880997604019,0.085413050191431,0.0046423173803526
search_CA_minus_JX,gaussian,G1_r14,G1,14.0,"[-54.0, -45.0, 11.099998712539673]",397,11790.899829626083,0.4,1000,21,199,0.199,0.1746700563321814,0.2251159099630073,200,0.2,0.1756205748308421,0.2261593728213705,0.0359974811083123
search_CA_minus_JX,centered_signflip_diagnostic,G1_r14,G1,14.0,"[-54.0, -45.0, 11.099998712539673]",397,11790.899829626083,0.4,1000,8,314,0.314,0.2853173846649503,0.3437823005963051,315,0.315,0.2862897211323968,0.3448040310832041,0.0423098236775818
search_CA_minus_JX,gaussian,G1_r14,G1,14.0,"[-54.0, -45.0, 11.099998712539673]",397,11790.899829626083,0.6,1000,21,583,0.583,0.5517330099936982,0.6137769064231509,583,0.583,0.5517330099936982,0.6137769064231509,0.1701914357682619
search_CA_minus_JX,centered_signflip_diagnostic,G1_r14,G1,14.0,"[-54.0, -45.0, 11.099998712539673]",397,11790.899829626083,0.6,1000,8,757,0.757,0.7291836070488286,0.7832941845200095,757,0.757,0.7291836070488286,0.7832941845200095,0.1835214105793451
search_CA_minus_JX,gaussian,G1_r14,G1,14.0,"[-54.0, -45.0, 11.099998712539673]",397,11790.899829626083,0.8,1000,21,907,0.907,0.887280582298844,0.9242815973931352,907,0.907,0.887280582298844,0.9242815973931352,0.450632241813602
search_CA_minus_JX,centered_signflip_diagnostic,G1_r14,G1,14.0,"[-54.0, -45.0, 11.099998712539673]",397,11790.899829626083,0.8,1000,8,957,0.957,0.9425137420380276,0.9687088295439074,957,0.957,0.9425137420380276,0.9687088295439074,0.4598740554156171
search_CA_minus_JX,gaussian,G1_r14,G1,14.0,"[-54.0, -45.0, 11.099998712539673]",397,11790.899829626083,1.0,1000,21,994,0.994,0.9869865767290256,0.9977950175148488,994,0.994,0.9869865767290256,0.9977950175148488,0.7486725440806046
search_CA_minus_JX,centered_signflip_diagnostic,G1_r14,G1,14.0,"[-54.0, -45.0, 11.099998712539673]",397,11790.899829626083,1.0,1000,8,999,0.999,0.9944410757201734,0.9999746825125088,999,0.999,0.9944410757201734,0.9999746825125088,0.7508539042821158
search_CA_minus_JX,gaussian,G1_r14,G1,14.0,"[-54.0, -45.0, 11.099998712539673]",397,11790.899829626083,1.2,1000,21,1000,1.0,0.9963179161031344,1.0,1000,1.0,0.9963179161031344,1.0,0.9250982367758188
search_CA_minus_JX,centered_signflip_diagnostic,G1_r14,G1,14.0,"[-54.0, -45.0, 11.099998712539673]",397,11790.899829626083,1.2,1000,8,1000,1.0,0.9963179161031344,1.0,1000,1.0,0.9963179161031344,1.0,0.925405541561713
search_CA_minus_JX,gaussian,G2_r6,G2,6.0,"[36.0, 45.0, 7.799998760223389]",31,920.6999866962434,0.2,1000,21,2,0.002,0.0002423011168772,0.0072058389114574,2,0.002,0.0002423011168772,0.0072058389114574,0.0014516129032258
search_CA_minus_JX,centered_signflip_diagnostic,G2_r6,G2,6.0,"[36.0, 45.0, 7.799998760223389]",31,920.6999866962434,0.2,1000,8,9,0.009,0.0041233956603424,0.0170157830698945,9,0.009,0.0041233956603424,0.0170157830698945,0.0043548387096774
search_CA_minus_JX,gaussian,G2_r6,G2,6.0,"[36.0, 45.0, 7.799998760223389]",31,920.6999866962434,0.4,1000,21,19,0.019,0.0114770369931009,0.0295124016250978,19,0.019,0.0114770369931009,0.0295124016250978,0.0159032258064516
search_CA_minus_JX,centered_signflip_diagnostic,G2_r6,G2,6.0,"[36.0, 45.0, 7.799998760223389]",31,920.6999866962434,0.4,1000,8,66,0.066,0.0514085660189184,0.0832060504614027,66,0.066,0.0514085660189184,0.0832060504614027,0.0358387096774193
search_CA_minus_JX,gaussian,G2_r6,G2,6.0,"[36.0, 45.0, 7.799998760223389]",31,920.6999866962434,0.6,1000,21,132,0.132,0.1116280129727953,0.1545654466084539,132,0.132,0.1116280129727953,0.1545654466084539,0.1133225806451612
search_CA_minus_JX,centered_signflip_diagnostic,G2_r6,G2,6.0,"[36.0, 45.0, 7.799998760223389]",31,920.6999866962434,0.6,1000,8,280,0.28,0.2523528830034035,0.308948786019063,280,0.28,0.2523528830034035,0.308948786019063,0.1766774193548387
search_CA_minus_JX,gaussian,G2_r6,G2,6.0,"[36.0, 45.0, 7.799998760223389]",31,920.6999866962434,0.8,1000,21,399,0.399,0.3684846281150394,0.4301118241313489,399,0.399,0.3684846281150394,0.4301118241313489,0.3619677419354838
search_CA_minus_JX,centered_signflip_diagnostic,G2_r6,G2,6.0,"[36.0, 45.0, 7.799998760223389]",31,920.6999866962434,0.8,1000,8,586,0.586,0.5547559494412746,0.6167362420656496,586,0.586,0.5547559494412746,0.6167362420656496,0.4485483870967742
search_CA_minus_JX,gaussian,G2_r6,G2,6.0,"[36.0, 45.0, 7.799998760223389]",31,920.6999866962434,1.0,1000,21,703,0.703,0.673611073167813,0.7311883166205182,703,0.703,0.673611073167813,0.7311883166205182,0.6701612903225806
search_CA_minus_JX,centered_signflip_diagnostic,G2_r6,G2,6.0,"[36.0, 45.0, 7.799998760223389]",31,920.6999866962434,1.0,1000,8,847,0.847,0.8231708606539101,0.8687645266540973,847,0.847,0.8231708606539101,0.8687645266540973,0.735258064516129
search_CA_minus_JX,gaussian,G2_r6,G2,6.0,"[36.0, 45.0, 7.799998760223389]",31,920.6999866962434,1.2,1000,21,919,0.919,0.9003283010315127,0.935156460291505,919,0.919,0.9003283010315127,0.935156460291505,0.8968709677419355
search_CA_minus_JX,centered_signflip_diagnostic,G2_r6,G2,6.0,"[36.0, 45.0, 7.799998760223389]",31,920.6999866962434,1.2,1000,8,972,0.972,0.9597851126261568,0.9813153138044624,972,0.972,0.9597851126261568,0.9813153138044624,0.920516129032258
search_CA_minus_JX,gaussian,G2_r10,G2,10.0,"[36.0, 45.0, 7.799998760223389]",139,4128.299940347672,0.2,1000,21,9,0.009,0.0041233956603424,0.0170157830698945,11,0.011,0.0055035941923135,0.0195966282220165,0.004136690647482
search_CA_minus_JX,centered_signflip_diagnostic,G2_r10,G2,10.0,"[36.0, 45.0, 7.799998760223389]",139,4128.299940347672,0.2,1000,8,21,0.021,0.0130451922903876,0.0319223351804155,23,0.023,0.0146345823251767,0.0343123376128543,0.0054676258992805
search_CA_minus_JX,gaussian,G2_r10,G2,10.0,"[36.0, 45.0, 7.799998760223389]",139,4128.299940347672,0.4,1000,21,84,0.084,0.0675527419705832,0.102942998991735,84,0.084,0.0675527419705832,0.102942998991735,0.0376258992805755
search_CA_minus_JX,centered_signflip_diagnostic,G2_r10,G2,10.0,"[36.0, 45.0, 7.799998760223389]",139,4128.299940347672,0.4,1000,8,139,0.139,0.118145852764966,0.1620045038554901,139,0.139,0.118145852764966,0.1620045038554901,0.0431510791366906
search_CA_minus_JX,gaussian,G2_r10,G2,10.0,"[36.0, 45.0, 7.799998760223389]",139,4128.299940347672,0.6,1000,21,349,0.349,0.3194385977329679,0.3794536391460523,349,0.349,0.3194385977329679,0.3794536391460523,0.1794964028776978
search_CA_minus_JX,centered_signflip_diagnostic,G2_r10,G2,10.0,"[36.0, 45.0, 7.799998760223389]",139,4128.299940347672,0.6,1000,8,436,0.436,0.40499237518055,0.4673854757654218,436,0.436,0.40499237518055,0.4673854757654218,0.1896618705035971
search_CA_minus_JX,gaussian,G2_r10,G2,10.0,"[36.0, 45.0, 7.799998760223389]",139,4128.299940347672,0.8,1000,21,654,0.654,0.6235968736506603,0.683493123372,654,0.654,0.6235968736506603,0.683493123372,0.4504532374100719
search_CA_minus_JX,centered_signflip_diagnostic,G2_r10,G2,10.0,"[36.0, 45.0, 7.799998760223389]",139,4128.299940347672,0.8,1000,8,756,0.756,0.728149654013983,0.782334110738454,756,0.756,0.728149654013983,0.782334110738454,0.4621654676258993
search_CA_minus_JX,gaussian,G2_r10,G2,10.0,"[36.0, 45.0, 7.799998760223389]",139,4128.299940347672,1.0,1000,21,905,0.905,0.8851151555955479,0.922459792918345,905,0.905,0.8851151555955479,0.922459792918345,0.7415971223021582
search_CA_minus_JX,centered_signflip_diagnostic,G2_r10,G2,10.0,"[36.0, 45.0, 7.799998760223389]",139,4128.299940347672,1.0,1000,8,949,0.949,0.9334865384050652,0.961794763225314,949,0.949,0.9334865384050652,0.961794763225314,0.7478129496402878
search_CA_minus_JX,gaussian,G2_r10,G2,10.0,"[36.0, 45.0, 7.799998760223389]",139,4128.299940347672,1.2,1000,21,986,0.986,0.9766218439896855,0.9923254984349792,986,0.986,0.9766218439896855,0.9923254984349792,0.9199928057553958
search_CA_minus_JX,centered_signflip_diagnostic,G2_r10,G2,10.0,"[36.0, 45.0, 7.799998760223389]",139,4128.299940347672,1.2,1000,8,994,0.994,0.9869865767290256,0.9977950175148488,994,0.994,0.9869865767290256,0.9977950175148488,0.9212086330935252
search_CA_minus_JX,gaussian,G2_r14,G2,14.0,"[36.0, 45.0, 7.799998760223389]",397,11790.899829626083,0.2,1000,21,27,0.027,0.0178669059252497,0.0390417468059701,27,0.027,0.0178669059252497,0.0390417468059701,0.0044231738035264
search_CA_minus_JX,centered_signflip_diagnostic,G2_r14,G2,14.0,"[36.0, 45.0, 7.799998760223389]",397,11790.899829626083,0.2,1000,8,50,0.05,0.0373353976046618,0.0653904879154936,53,0.053,0.0399492523600193,0.0687551832899632,0.0053753148614609
search_CA_minus_JX,gaussian,G2_r14,G2,14.0,"[36.0, 45.0, 7.799998760223389]",397,11790.899829626083,0.4,1000,21,153,0.153,0.1312354733459026,0.1768291393460898,153,0.153,0.1312354733459026,0.1768291393460898,0.0377858942065491
search_CA_minus_JX,centered_signflip_diagnostic,G2_r14,G2,14.0,"[36.0, 45.0, 7.799998760223389]",397,11790.899829626083,0.4,1000,8,277,0.277,0.2494534420070102,0.3058660765841771,277,0.277,0.2494534420070102,0.3058660765841771,0.0433702770780856
search_CA_minus_JX,gaussian,G2_r14,G2,14.0,"[36.0, 45.0, 7.799998760223389]",397,11790.899829626083,0.6,1000,21,547,0.547,0.5155473142694613,0.5781752233708395,547,0.547,0.5155473142694613,0.5781752233708395,0.1767455919395466
search_CA_minus_JX,centered_signflip_diagnostic,G2_r14,G2,14.0,"[36.0, 45.0, 7.799998760223389]",397,11790.899829626083,0.6,1000,8,726,0.726,0.697218181689991,0.753444445084533,726,0.726,0.697218181689991,0.753444445084533,0.1881561712846347
search_CA_minus_JX,gaussian,G2_r14,G2,14.0,"[36.0, 45.0, 7.799998760223389]",397,11790.899829626083,0.8,1000,21,898,0.898,0.877554848934442,0.9160645399595132,898,0.898,0.877554848934442,0.9160645399595132,0.4571234256926952
search_CA_minus_JX,centered_signflip_diagnostic,G2_r14,G2,14.0,"[36.0, 45.0, 7.799998760223389]",397,11790.899829626083,0.8,1000,8,962,0.962,0.948212896378036,0.972971184017016,962,0.962,0.948212896378036,0.972971184017016,0.466375314861461
search_CA_minus_JX,gaussian,G2_r14,G2,14.0,"[36.0, 45.0, 7.799998760223389]",397,11790.899829626083,1.0,1000,21,993,0.993,0.9856308050210814,0.9971811412403796,993,0.993,0.9856308050210814,0.9971811412403796,0.7476297229219144
search_CA_minus_JX,centered_signflip_diagnostic,G2_r14,G2,14.0,"[36.0, 45.0, 7.799998760223389]",397,11790.899829626083,1.0,1000,8,1000,1.0,0.9963179161031344,1.0,1000,1.0,0.9963179161031344,1.0,0.7505088161209068
search_CA_minus_JX,gaussian,G2_r14,G2,14.0,"[36.0, 45.0, 7.799998760223389]",397,11790.899829626083,1.2,1000,21,1000,1.0,0.9963179161031344,1.0,1000,1.0,0.9963179161031344,1.0,0.9223652392947104
search_CA_minus_JX,centered_signflip_diagnostic,G2_r14,G2,14.0,"[36.0, 45.0, 7.799998760223389]",397,11790.899829626083,1.2,1000,8,1000,1.0,0.9963179161031344,1.0,1000,1.0,0.9963179161031344,1.0,0.9228639798488664
search_CA_minus_JX,gaussian,G3_r6,G3,6.0,"[33.0, -66.0, -41.700000524520874]",31,920.6999866962434,0.2,1000,21,4,0.004,0.0010909079877259,0.0102096646839298,5,0.005,0.0016254195175627,0.0116294705598121,0.0038064516129032
search_CA_minus_JX,centered_signflip_diagnostic,G3_r6,G3,6.0,"[33.0, -66.0, -41.700000524520874]",31,920.6999866962434,0.2,1000,8,10,0.01,0.0048055106910493,0.0183132430551124,11,0.011,0.0055035941923135,0.0195966282220165,0.0063548387096774
search_CA_minus_JX,gaussian,G3_r6,G3,6.0,"[33.0, -66.0, -41.700000524520874]",31,920.6999866962434,0.4,1000,21,33,0.033,0.0228223833494595,0.0460339818170231,33,0.033,0.0228223833494595,0.0460339818170231,0.0286129032258064
search_CA_minus_JX,centered_signflip_diagnostic,G3_r6,G3,6.0,"[33.0, -66.0, -41.700000524520874]",31,920.6999866962434,0.4,1000,8,67,0.067,0.0522978364000451,0.0843100371024414,67,0.067,0.0522978364000451,0.0843100371024414,0.044258064516129
search_CA_minus_JX,gaussian,G3_r6,G3,6.0,"[33.0, -66.0, -41.700000524520874]",31,920.6999866962434,0.6,1000,21,175,0.175,0.1519340329095306,0.1999968255693369,175,0.175,0.1519340329095306,0.1999968255693369,0.1586129032258064
search_CA_minus_JX,centered_signflip_diagnostic,G3_r6,G3,6.0,"[33.0, -66.0, -41.700000524520874]",31,920.6999866962434,0.6,1000,8,257,0.257,0.2301643389463755,0.2852743140229245,257,0.257,0.2301643389463755,0.2852743140229245,0.1940322580645161
search_CA_minus_JX,gaussian,G3_r6,G3,6.0,"[33.0, -66.0, -41.700000524520874]",31,920.6999866962434,0.8,1000,21,443,0.443,0.4119189518766812,0.4744175596474229,443,0.443,0.4119189518766812,0.4744175596474229,0.4190645161290322
search_CA_minus_JX,centered_signflip_diagnostic,G3_r6,G3,6.0,"[33.0, -66.0, -41.700000524520874]",31,920.6999866962434,0.8,1000,8,547,0.547,0.5155473142694613,0.5781752233708395,547,0.547,0.5155473142694613,0.5781752233708395,0.4660967741935484
search_CA_minus_JX,gaussian,G3_r6,G3,6.0,"[33.0, -66.0, -41.700000524520874]",31,920.6999866962434,1.0,1000,21,732,0.732,0.7033914079662591,0.7592354937182124,732,0.732,0.7033914079662591,0.7592354937182124,0.7113870967741935
search_CA_minus_JX,centered_signflip_diagnostic,G3_r6,G3,6.0,"[33.0, -66.0, -41.700000524520874]",31,920.6999866962434,1.0,1000,8,816,0.816,0.7905658665854715,0.839557716815212,816,0.816,0.7905658665854715,0.839557716815212,0.7494838709677419
search_CA_minus_JX,gaussian,G3_r6,G3,6.0,"[33.0, -66.0, -41.700000524520874]",31,920.6999866962434,1.2,1000,21,925,0.925,0.9068915530385008,0.9405538717887368,925,0.925,0.9068915530385008,0.9405538717887368,0.9125806451612904
search_CA_minus_JX,centered_signflip_diagnostic,G3_r6,G3,6.0,"[33.0, -66.0, -41.700000524520874]",31,920.6999866962434,1.2,1000,8,956,0.956,0.9413795807936692,0.9678505029891286,956,0.956,0.9413795807936692,0.9678505029891286,0.9272903225806453
search_CA_minus_JX,gaussian,G3_r10,G3,10.0,"[33.0, -66.0, -41.700000524520874]",139,4128.299940347672,0.2,1000,21,11,0.011,0.0055035941923135,0.0195966282220165,13,0.013,0.0069396175028514,0.0221278036367784,0.0053093525179856
search_CA_minus_JX,centered_signflip_diagnostic,G3_r10,G3,10.0,"[33.0, -66.0, -41.700000524520874]",139,4128.299940347672,0.2,1000,8,24,0.024,0.0154363832335084,0.0355006385313591,27,0.027,0.0178669059252497,0.0390417468059701,0.0064892086330935
search_CA_minus_JX,gaussian,G3_r10,G3,10.0,"[33.0, -66.0, -41.700000524520874]",139,4128.299940347672,0.4,1000,21,81,0.081,0.0648435397084949,0.0996716989684872,82,0.082,0.0657458602718319,0.1007628674153113,0.0413093525179856
search_CA_minus_JX,centered_signflip_diagnostic,G3_r10,G3,10.0,"[33.0, -66.0, -41.700000524520874]",139,4128.299940347672,0.4,1000,8,124,0.124,0.1042031191952462,0.1460398249705473,125,0.125,0.1051297615545926,0.147106982778771,0.0453812949640287
search_CA_minus_JX,gaussian,G3_r10,G3,10.0,"[33.0, -66.0, -41.700000524520874]",139,4128.299940347672,0.6,1000,21,311,0.311,0.2824013053882409,0.3407161813762114,312,0.312,0.2833731763872893,0.3417383761445691,0.1846115107913669
search_CA_minus_JX,centered_signflip_diagnostic,G3_r10,G3,10.0,"[33.0, -66.0, -41.700000524520874]",139,4128.299940347672,0.6,1000,8,414,0.414,0.3832637579343506,0.4452440505587253,415,0.415,0.3842500739253428,0.446251826131942,0.1948057553956834
search_CA_minus_JX,gaussian,G3_r10,G3,10.0,"[33.0, -66.0, -41.700000524520874]",139,4128.299940347672,0.8,1000,21,623,0.623,0.59213582321049,0.653137645340451,623,0.623,0.59213582321049,0.653137645340451,0.4593093525179856
search_CA_minus_JX,centered_signflip_diagnostic,G3_r10,G3,10.0,"[33.0, -66.0, -41.700000524520874]",139,4128.299940347672,0.8,1000,8,735,0.735,0.706480408795717,0.7621286221063013,735,0.735,0.706480408795717,0.7621286221063013,0.4722014388489208
search_CA_minus_JX,gaussian,G3_r10,G3,10.0,"[33.0, -66.0, -41.700000524520874]",139,4128.299940347672,1.0,1000,21,876,0.876,0.8539601750294527,0.8957968808047537,876,0.876,0.8539601750294527,0.8957968808047537,0.745179856115108
search_CA_minus_JX,centered_signflip_diagnostic,G3_r10,G3,10.0,"[33.0, -66.0, -41.700000524520874]",139,4128.299940347672,1.0,1000,8,952,0.952,0.9368598845984908,0.9643997346571168,952,0.952,0.9368598845984908,0.9643997346571168,0.7536115107913669
search_CA_minus_JX,gaussian,G3_r10,G3,10.0,"[33.0, -66.0, -41.700000524520874]",139,4128.299940347672,1.2,1000,21,979,0.979,0.9680776648195843,0.9869548077096124,979,0.979,0.9680776648195843,0.9869548077096124,0.926179856115108
search_CA_minus_JX,centered_signflip_diagnostic,G3_r10,G3,10.0,"[33.0, -66.0, -41.700000524520874]",139,4128.299940347672,1.2,1000,8,991,0.991,0.9829842169301054,0.9958766043396576,991,0.991,0.9829842169301054,0.9958766043396576,0.9277410071942446
search_CA_minus_JX,gaussian,G3_r14,G3,14.0,"[33.0, -66.0, -41.700000524520874]",397,11790.899829626083,0.2,1000,21,27,0.027,0.0178669059252497,0.0390417468059701,29,0.029,0.0195059373243846,0.0413847191164019,0.0060277078085642
search_CA_minus_JX,centered_signflip_diagnostic,G3_r14,G3,14.0,"[33.0, -66.0, -41.700000524520874]",397,11790.899829626083,0.2,1000,8,46,0.046,0.0338714985476779,0.0608835527137426,48,0.048,0.0356002653428832,0.0631401154015092,0.0068261964735516
search_CA_minus_JX,gaussian,G3_r14,G3,14.0,"[33.0, -66.0, -41.700000524520874]",397,11790.899829626083,0.4,1000,21,131,0.131,0.1106984610312197,0.1535011704001568,131,0.131,0.1106984610312197,0.1535011704001568,0.0426599496221662
search_CA_minus_JX,centered_signflip_diagnostic,G3_r14,G3,14.0,"[33.0, -66.0, -41.700000524520874]",397,11790.899829626083,0.4,1000,8,243,0.243,0.2167058154799905,0.2708163929511714,243,0.243,0.2167058154799905,0.2708163929511714,0.047448362720403
search_CA_minus_JX,gaussian,G3_r14,G3,14.0,"[33.0, -66.0, -41.700000524520874]",397,11790.899829626083,0.6,1000,21,463,0.463,0.4317431365526461,0.494475283640596,463,0.463,0.4317431365526461,0.494475283640596,0.186639798488665
search_CA_minus_JX,centered_signflip_diagnostic,G3_r14,G3,14.0,"[33.0, -66.0, -41.700000524520874]",397,11790.899829626083,0.6,1000,8,653,0.653,0.6225798930217138,0.6825160263170542,653,0.653,0.6225798930217138,0.6825160263170542,0.1961385390428211
search_CA_minus_JX,gaussian,G3_r14,G3,14.0,"[33.0, -66.0, -41.700000524520874]",397,11790.899829626083,0.8,1000,21,827,0.827,0.8021033919072953,0.8499536317613713,827,0.827,0.8021033919072953,0.8499536317613713,0.4694282115869018
search_CA_minus_JX,centered_signflip_diagnostic,G3_r14,G3,14.0,"[33.0, -66.0, -41.700000524520874]",397,11790.899829626083,0.8,1000,8,950,0.95,0.9346095120845064,0.9626646023953382,950,0.95,0.9346095120845064,0.9626646023953382,0.477624685138539
search_CA_minus_JX,gaussian,G3_r14,G3,14.0,"[33.0, -66.0, -41.700000524520874]",397,11790.899829626083,1.0,1000,21,985,0.985,0.9753802999029588,0.9915809502499656,985,0.985,0.9753802999029588,0.9915809502499656,0.7538362720403023
search_CA_minus_JX,centered_signflip_diagnostic,G3_r14,G3,14.0,"[33.0, -66.0, -41.700000524520874]",397,11790.899829626083,1.0,1000,8,1000,1.0,0.9963179161031344,1.0,1000,1.0,0.9963179161031344,1.0,0.7572367758186398
search_CA_minus_JX,gaussian,G3_r14,G3,14.0,"[33.0, -66.0, -41.700000524520874]",397,11790.899829626083,1.2,1000,21,999,0.999,0.9944410757201734,0.9999746825125088,999,0.999,0.9944410757201734,0.9999746825125088,0.9282468513853904
search_CA_minus_JX,centered_signflip_diagnostic,G3_r14,G3,14.0,"[33.0, -66.0, -41.700000524520874]",397,11790.899829626083,1.2,1000,8,1000,1.0,0.9963179161031344,1.0,1000,1.0,0.9963179161031344,1.0,0.928969773299748
search_CA_minus_JX,gaussian,G4_r6,G4,6.0,"[33.0, -39.0, 50.69999814033508]",31,920.6999866962434,0.2,1000,21,4,0.004,0.0010909079877259,0.0102096646839298,6,0.006,0.0022049824851513,0.0130134232709744,0.0013548387096774
search_CA_minus_JX,centered_signflip_diagnostic,G4_r6,G4,6.0,"[33.0, -39.0, 50.69999814033508]",31,920.6999866962434,0.2,1000,8,7,0.007,0.0028188587596205,0.0143691949789186,10,0.01,0.0048055106910493,0.0183132430551124,0.0023870967741935
search_CA_minus_JX,gaussian,G4_r6,G4,6.0,"[33.0, -39.0, 50.69999814033508]",31,920.6999866962434,0.4,1000,21,13,0.013,0.0069396175028514,0.0221278036367784,13,0.013,0.0069396175028514,0.0221278036367784,0.0064193548387096
search_CA_minus_JX,centered_signflip_diagnostic,G4_r6,G4,6.0,"[33.0, -39.0, 50.69999814033508]",31,920.6999866962434,0.4,1000,8,65,0.065,0.0505203096896179,0.082101069921371,65,0.065,0.0505203096896179,0.082101069921371,0.0271612903225806
search_CA_minus_JX,gaussian,G4_r6,G4,6.0,"[33.0, -39.0, 50.69999814033508]",31,920.6999866962434,0.6,1000,21,55,0.055,0.0416987950795359,0.0709915155420574,55,0.055,0.0416987950795359,0.0709915155420574,0.0414516129032258
search_CA_minus_JX,centered_signflip_diagnostic,G4_r6,G4,6.0,"[33.0, -39.0, 50.69999814033508]",31,920.6999866962434,0.6,1000,8,309,0.309,0.2804580317273357,0.3386713247162876,309,0.309,0.2804580317273357,0.3386713247162876,0.1463870967741935
search_CA_minus_JX,gaussian,G4_r6,G4,6.0,"[33.0, -39.0, 50.69999814033508]",31,920.6999866962434,0.8,1000,21,275,0.275,0.2475213436555005,0.3038100774529292,275,0.275,0.2475213436555005,0.3038100774529292,0.2255806451612903
search_CA_minus_JX,centered_signflip_diagnostic,G4_r6,G4,6.0,"[33.0, -39.0, 50.69999814033508]",31,920.6999866962434,0.8,1000,8,684,0.684,0.6541743923933121,0.712737788048678,684,0.684,0.6541743923933121,0.712737788048678,0.4065161290322581
search_CA_minus_JX,gaussian,G4_r6,G4,6.0,"[33.0, -39.0, 50.69999814033508]",31,920.6999866962434,1.0,1000,21,651,0.651,0.6205463608539474,0.6805614022670321,651,0.651,0.6205463608539474,0.6805614022670321,0.5795806451612903
search_CA_minus_JX,centered_signflip_diagnostic,G4_r6,G4,6.0,"[33.0, -39.0, 50.69999814033508]",31,920.6999866962434,1.0,1000,8,944,0.944,0.9278922537167472,0.9574244503133827,944,0.944,0.9278922537167472,0.9574244503133827,0.7182258064516129
search_CA_minus_JX,gaussian,G4_r6,G4,6.0,"[33.0, -39.0, 50.69999814033508]",31,920.6999866962434,1.2,1000,21,918,0.918,0.8992371325846886,0.934254139728168,918,0.918,0.8992371325846886,0.934254139728168,0.8714516129032258
search_CA_minus_JX,centered_signflip_diagnostic,G4_r6,G4,6.0,"[33.0, -39.0, 50.69999814033508]",31,920.6999866962434,1.2,1000,8,998,0.998,0.9927941610885423,0.9997576988831228,998,0.998,0.9927941610885423,0.9997576988831228,0.9123870967741936
search_CA_minus_JX,gaussian,G4_r10,G4,10.0,"[33.0, -39.0, 50.69999814033508]",139,4128.299940347672,0.2,1000,21,14,0.014,0.0076745015650207,0.0233781560103145,14,0.014,0.0076745015650207,0.0233781560103145,0.0026978417266187
search_CA_minus_JX,centered_signflip_diagnostic,G4_r10,G4,10.0,"[33.0, -39.0, 50.69999814033508]",139,4128.299940347672,0.2,1000,8,37,0.037,0.0261827088437373,0.0506411230599248,37,0.037,0.0261827088437373,0.0506411230599248,0.0050215827338129
search_CA_minus_JX,gaussian,G4_r10,G4,10.0,"[33.0, -39.0, 50.69999814033508]",139,4128.299940347672,0.4,1000,21,89,0.089,0.0720824645397599,0.1083810000600025,90,0.09,0.0729904664566228,0.1094665731383391,0.027820143884892
search_CA_minus_JX,centered_signflip_diagnostic,G4_r10,G4,10.0,"[33.0, -39.0, 50.69999814033508]",139,4128.299940347672,0.4,1000,8,221,0.221,0.1956353744528384,0.2480184632116427,222,0.222,0.1965909262638838,0.2490569183811066,0.0412949640287769
search_CA_minus_JX,gaussian,G4_r10,G4,10.0,"[33.0, -39.0, 50.69999814033508]",139,4128.299940347672,0.6,1000,21,407,0.407,0.3763631772816436,0.4381859941406504,407,0.407,0.3763631772816436,0.4381859941406504,0.1526115107913669
search_CA_minus_JX,centered_signflip_diagnostic,G4_r10,G4,10.0,"[33.0, -39.0, 50.69999814033508]",139,4128.299940347672,0.6,1000,8,638,0.638,0.6073422030315452,0.6678425184638984,638,0.638,0.6073422030315452,0.6678425184638984,0.1816906474820143
search_CA_minus_JX,gaussian,G4_r10,G4,10.0,"[33.0, -39.0, 50.69999814033508]",139,4128.299940347672,0.8,1000,21,833,0.833,0.8084109298236908,0.8556096938052533,834,0.834,0.80946321145812,0.8565513384158628,0.4253884892086331
search_CA_minus_JX,centered_signflip_diagnostic,G4_r10,G4,10.0,"[33.0, -39.0, 50.69999814033508]",139,4128.299940347672,0.8,1000,8,939,0.939,0.9223292259508764,0.9530221244589198,940,0.94,0.9234395095960652,0.9539049645775156,0.4428345323741007
search_CA_minus_JX,gaussian,G4_r10,G4,10.0,"[33.0, -39.0, 50.69999814033508]",139,4128.299940347672,1.0,1000,21,986,0.986,0.9766218439896855,0.9923254984349792,986,0.986,0.9766218439896855,0.9923254984349792,0.7325107913669064
search_CA_minus_JX,centered_signflip_diagnostic,G4_r10,G4,10.0,"[33.0, -39.0, 50.69999814033508]",139,4128.299940347672,1.0,1000,8,998,0.998,0.9927941610885423,0.9997576988831228,998,0.998,0.9927941610885423,0.9997576988831228,0.7359856115107914
search_CA_minus_JX,gaussian,G4_r10,G4,10.0,"[33.0, -39.0, 50.69999814033508]",139,4128.299940347672,1.2,1000,21,1000,1.0,0.9963179161031344,1.0,1000,1.0,0.9963179161031344,1.0,0.9164028776978416
search_CA_minus_JX,centered_signflip_diagnostic,G4_r10,G4,10.0,"[33.0, -39.0, 50.69999814033508]",139,4128.299940347672,1.2,1000,8,1000,1.0,0.9963179161031344,1.0,1000,1.0,0.9963179161031344,1.0,0.9164028776978416
search_CA_minus_JX,gaussian,G4_r14,G4,14.0,"[33.0, -39.0, 50.69999814033508]",397,11790.899829626083,0.2,1000,21,24,0.024,0.0154363832335084,0.0355006385313591,25,0.025,0.0162425356968822,0.036684823051923,0.0045465994962216
search_CA_minus_JX,centered_signflip_diagnostic,G4_r14,G4,14.0,"[33.0, -39.0, 50.69999814033508]",397,11790.899829626083,0.2,1000,8,64,0.064,0.0496330892918489,0.080995074367051,64,0.064,0.0496330892918489,0.080995074367051,0.0061057934508816
search_CA_minus_JX,gaussian,G4_r14,G4,14.0,"[33.0, -39.0, 50.69999814033508]",397,11790.899829626083,0.4,1000,21,182,0.182,0.158549653311438,0.2073388494901651,182,0.182,0.158549653311438,0.2073388494901651,0.037433249370277
search_CA_minus_JX,centered_signflip_diagnostic,G4_r14,G4,14.0,"[33.0, -39.0, 50.69999814033508]",397,11790.899829626083,0.4,1000,8,352,0.352,0.3223716043545396,0.3825028689345303,352,0.352,0.3223716043545396,0.3825028689345303,0.0459823677581864
search_CA_minus_JX,gaussian,G4_r14,G4,14.0,"[33.0, -39.0, 50.69999814033508]",397,11790.899829626083,0.6,1000,21,598,0.598,0.5668593800648495,0.628561899167521,598,0.598,0.5668593800648495,0.628561899167521,0.1764634760705289
search_CA_minus_JX,centered_signflip_diagnostic,G4_r14,G4,14.0,"[33.0, -39.0, 50.69999814033508]",397,11790.899829626083,0.6,1000,8,790,0.79,0.7634190151421867,0.8148611536314941,790,0.79,0.7634190151421867,0.8148611536314941,0.1891234256926952
search_CA_minus_JX,gaussian,G4_r14,G4,14.0,"[33.0, -39.0, 50.69999814033508]",397,11790.899829626083,0.8,1000,21,935,0.935,0.917898930078629,0.949479690310382,935,0.935,0.917898930078629,0.949479690310382,0.4437581863979848
search_CA_minus_JX,centered_signflip_diagnostic,G4_r14,G4,14.0,"[33.0, -39.0, 50.69999814033508]",397,11790.899829626083,0.8,1000,8,984,0.984,0.9741467509186266,0.990827680730778,984,0.984,0.9741467509186266,0.990827680730778,0.4498312342569269
search_CA_minus_JX,gaussian,G4_r14,G4,14.0,"[33.0, -39.0, 50.69999814033508]",397,11790.899829626083,1.0,1000,21,1000,1.0,0.9963179161031344,1.0,1000,1.0,0.9963179161031344,1.0,0.738345088161209
search_CA_minus_JX,centered_signflip_diagnostic,G4_r14,G4,14.0,"[33.0, -39.0, 50.69999814033508]",397,11790.899829626083,1.0,1000,8,1000,1.0,0.9963179161031344,1.0,1000,1.0,0.9963179161031344,1.0,0.7390931989924434
search_CA_minus_JX,gaussian,G4_r14,G4,14.0,"[33.0, -39.0, 50.69999814033508]",397,11790.899829626083,1.2,1000,21,1000,1.0,0.9963179161031344,1.0,1000,1.0,0.9963179161031344,1.0,0.9180906801007558
search_CA_minus_JX,centered_signflip_diagnostic,G4_r14,G4,14.0,"[33.0, -39.0, 50.69999814033508]",397,11790.899829626083,1.2,1000,8,1000,1.0,0.9963179161031344,1.0,1000,1.0,0.9963179161031344,1.0,0.9181889168765744
search_CA_minus_OI,gaussian,G1_r6,G1,6.0,"[-54.0, -45.0, 11.099998712539673]",31,920.6999866962434,0.2,1000,22,6,0.006,0.0022049824851513,0.0130134232709744,7,0.007,0.0028188587596205,0.0143691949789186,0.0036129032258064
search_CA_minus_OI,centered_signflip_diagnostic,G1_r6,G1,6.0,"[-54.0, -45.0, 11.099998712539673]",31,920.6999866962434,0.2,1000,9,16,0.016,0.009172319269222,0.0258532490813734,18,0.018,0.0107019479294147,0.0282990412490191,0.0069677419354838
search_CA_minus_OI,gaussian,G1_r6,G1,6.0,"[-54.0, -45.0, 11.099998712539673]",31,920.6999866962434,0.4,1000,22,19,0.019,0.0114770369931009,0.0295124016250978,19,0.019,0.0114770369931009,0.0295124016250978,0.0143870967741935
search_CA_minus_OI,centered_signflip_diagnostic,G1_r6,G1,6.0,"[-54.0, -45.0, 11.099998712539673]",31,920.6999866962434,0.4,1000,9,73,0.073,0.0576536252279326,0.0909141753945012,73,0.073,0.0576536252279326,0.0909141753945012,0.0390645161290322
search_CA_minus_OI,gaussian,G1_r6,G1,6.0,"[-54.0, -45.0, 11.099998712539673]",31,920.6999866962434,0.6,1000,22,103,0.103,0.0848513653499175,0.1235229264014257,103,0.103,0.0848513653499175,0.1235229264014257,0.0866774193548387
search_CA_minus_OI,centered_signflip_diagnostic,G1_r6,G1,6.0,"[-54.0, -45.0, 11.099998712539673]",31,920.6999866962434,0.6,1000,9,278,0.278,0.2504197504514022,0.3068938177281918,278,0.278,0.2504197504514022,0.3068938177281918,0.1688709677419355
search_CA_minus_OI,gaussian,G1_r6,G1,6.0,"[-54.0, -45.0, 11.099998712539673]",31,920.6999866962434,0.8,1000,22,334,0.334,0.3047930074309735,0.3641880865639165,334,0.334,0.3047930074309735,0.3641880865639165,0.299
search_CA_minus_OI,centered_signflip_diagnostic,G1_r6,G1,6.0,"[-54.0, -45.0, 11.099998712539673]",31,920.6999866962434,0.8,1000,9,592,0.592,0.5608053224405997,0.6226514155553989,592,0.592,0.5608053224405997,0.6226514155553989,0.4227741935483871
search_CA_minus_OI,gaussian,G1_r6,G1,6.0,"[-54.0, -45.0, 11.099998712539673]",31,920.6999866962434,1.0,1000,22,653,0.653,0.6225798930217138,0.6825160263170542,653,0.653,0.6225798930217138,0.6825160263170542,0.6110967741935484
search_CA_minus_OI,centered_signflip_diagnostic,G1_r6,G1,6.0,"[-54.0, -45.0, 11.099998712539673]",31,920.6999866962434,1.0,1000,9,858,0.858,0.8348129616464028,0.8790551042902569,858,0.858,0.8348129616464028,0.8790551042902569,0.7127096774193549
search_CA_minus_OI,gaussian,G1_r6,G1,6.0,"[-54.0, -45.0, 11.099998712539673]",31,920.6999866962434,1.2,1000,22,887,0.887,0.8657282191964616,0.9059603332456124,887,0.887,0.8657282191964616,0.9059603332456124,0.859741935483871
search_CA_minus_OI,centered_signflip_diagnostic,G1_r6,G1,6.0,"[-54.0, -45.0, 11.099998712539673]",31,920.6999866962434,1.2,1000,9,969,0.969,0.9562849149937612,0.9788418280297914,969,0.969,0.9562849149937612,0.9788418280297914,0.9036129032258065
search_CA_minus_OI,gaussian,G1_r10,G1,10.0,"[-54.0, -45.0, 11.099998712539673]",139,4128.299940347672,0.2,1000,22,18,0.018,0.0107019479294147,0.0282990412490191,19,0.019,0.0114770369931009,0.0295124016250978,0.0048992805755395
search_CA_minus_OI,centered_signflip_diagnostic,G1_r10,G1,10.0,"[-54.0, -45.0, 11.099998712539673]",139,4128.299940347672,0.2,1000,9,33,0.033,0.0228223833494595,0.0460339818170231,35,0.035,0.0244975278947587,0.0483423816142217,0.0063021582733812
search_CA_minus_OI,gaussian,G1_r10,G1,10.0,"[-54.0, -45.0, 11.099998712539673]",139,4128.299940347672,0.4,1000,22,119,0.119,0.0995764918250402,0.1406975180226584,120,0.12,0.1005009237481678,0.1417668637928254,0.0355971223021582
search_CA_minus_OI,centered_signflip_diagnostic,G1_r10,G1,10.0,"[-54.0, -45.0, 11.099998712539673]",139,4128.299940347672,0.4,1000,9,213,0.213,0.1879988518060795,0.2397029679261252,216,0.216,0.190860887267526,0.242822931103999,0.0455827338129496
search_CA_minus_OI,gaussian,G1_r10,G1,10.0,"[-54.0, -45.0, 11.099998712539673]",139,4128.299940347672,0.6,1000,22,412,0.412,0.3812915143086222,0.4432281114624897,412,0.412,0.3812915143086222,0.4432281114624897,0.1649136690647482
search_CA_minus_OI,centered_signflip_diagnostic,G1_r10,G1,10.0,"[-54.0, -45.0, 11.099998712539673]",139,4128.299940347672,0.6,1000,9,599,0.599,0.5678688474086688,0.6295465214905854,599,0.599,0.5678688474086688,0.6295465214905854,0.1858129496402877
search_CA_minus_OI,gaussian,G1_r10,G1,10.0,"[-54.0, -45.0, 11.099998712539673]",139,4128.299940347672,0.8,1000,22,813,0.813,0.7874249204685704,0.8367167800753991,813,0.813,0.7874249204685704,0.8367167800753991,0.4455899280575539
search_CA_minus_OI,centered_signflip_diagnostic,G1_r10,G1,10.0,"[-54.0, -45.0, 11.099998712539673]",139,4128.299940347672,0.8,1000,9,913,0.913,0.8937921420429789,0.9297315139286212,913,0.913,0.8937921420429789,0.9297315139286212,0.4589496402877697
search_CA_minus_OI,gaussian,G1_r10,G1,10.0,"[-54.0, -45.0, 11.099998712539673]",139,4128.299940347672,1.0,1000,22,972,0.972,0.9597851126261568,0.9813153138044624,972,0.972,0.9597851126261568,0.9813153138044624,0.7346115107913669
search_CA_minus_OI,centered_signflip_diagnostic,G1_r10,G1,10.0,"[-54.0, -45.0, 11.099998712539673]",139,4128.299940347672,1.0,1000,9,990,0.99,0.9816867569448876,0.9951944893089508,990,0.99,0.9816867569448876,0.9951944893089508,0.7378705035971223
search_CA_minus_OI,gaussian,G1_r10,G1,10.0,"[-54.0, -45.0, 11.099998712539673]",139,4128.299940347672,1.2,1000,22,995,0.995,0.988370529440188,0.9983745804824372,995,0.995,0.988370529440188,0.9983745804824372,0.9126258992805756
search_CA_minus_OI,centered_signflip_diagnostic,G1_r10,G1,10.0,"[-54.0, -45.0, 11.099998712539673]",139,4128.299940347672,1.2,1000,9,997,0.997,0.9912579767615216,0.9993809000683505,997,0.997,0.9912579767615216,0.9993809000683505,0.9130719424460432
search_CA_minus_OI,gaussian,G1_r14,G1,14.0,"[-54.0, -45.0, 11.099998712539673]",397,11790.899829626083,0.2,1000,22,31,0.031,0.0211581719702086,0.0437150850062389,31,0.031,0.0211581719702086,0.0437150850062389,0.0047758186397984
search_CA_minus_OI,centered_signflip_diagnostic,G1_r14,G1,14.0,"[-54.0, -45.0, 11.099998712539673]",397,11790.899829626083,0.2,1000,9,75,0.075,0.0594461282112631,0.0931084469614991,75,0.075,0.0594461282112631,0.0931084469614991,0.0063098236775818
search_CA_minus_OI,gaussian,G1_r14,G1,14.0,"[-54.0, -45.0, 11.099998712539673]",397,11790.899829626083,0.4,1000,22,215,0.215,0.1899066518109149,0.2417831659105173,215,0.215,0.1899066518109149,0.2417831659105173,0.0386926952141057
search_CA_minus_OI,centered_signflip_diagnostic,G1_r14,G1,14.0,"[-54.0, -45.0, 11.099998712539673]",397,11790.899829626083,0.4,1000,9,373,0.373,0.3429380348118331,0.4038121575981334,373,0.373,0.3429380348118331,0.4038121575981334,0.0464080604534005
search_CA_minus_OI,gaussian,G1_r14,G1,14.0,"[-54.0, -45.0, 11.099998712539673]",397,11790.899829626083,0.6,1000,22,665,0.665,0.6347931918497085,0.6942316401097939,665,0.665,0.6347931918497085,0.6942316401097939,0.1789823677581863
search_CA_minus_OI,centered_signflip_diagnostic,G1_r14,G1,14.0,"[-54.0, -45.0, 11.099998712539673]",397,11790.899829626083,0.6,1000,9,820,0.82,0.7947575059722134,0.8433418983289862,820,0.82,0.7947575059722134,0.8433418983289862,0.1915264483627204
search_CA_minus_OI,gaussian,G1_r14,G1,14.0,"[-54.0, -45.0, 11.099998712539673]",397,11790.899829626083,0.8,1000,22,947,0.947,0.9312448167100368,0.9600507476399808,947,0.947,0.9312448167100368,0.9600507476399808,0.4559571788413097
search_CA_minus_OI,centered_signflip_diagnostic,G1_r14,G1,14.0,"[-54.0, -45.0, 11.099998712539673]",397,11790.899829626083,0.8,1000,9,977,0.977,0.9656876623871457,0.9853654176748232,977,0.977,0.9656876623871457,0.9853654176748232,0.4640755667506297
search_CA_minus_OI,gaussian,G1_r14,G1,14.0,"[-54.0, -45.0, 11.099998712539673]",397,11790.899829626083,1.0,1000,22,994,0.994,0.9869865767290256,0.9977950175148488,994,0.994,0.9869865767290256,0.9977950175148488,0.7399571788413097
search_CA_minus_OI,centered_signflip_diagnostic,G1_r14,G1,14.0,"[-54.0, -45.0, 11.099998712539673]",397,11790.899829626083,1.0,1000,9,998,0.998,0.9927941610885423,0.9997576988831228,998,0.998,0.9927941610885423,0.9997576988831228,0.7423476070528967
search_CA_minus_OI,gaussian,G1_r14,G1,14.0,"[-54.0, -45.0, 11.099998712539673]",397,11790.899829626083,1.2,1000,22,1000,1.0,0.9963179161031344,1.0,1000,1.0,0.9963179161031344,1.0,0.9158362720403024
search_CA_minus_OI,centered_signflip_diagnostic,G1_r14,G1,14.0,"[-54.0, -45.0, 11.099998712539673]",397,11790.899829626083,1.2,1000,9,1000,1.0,0.9963179161031344,1.0,1000,1.0,0.9963179161031344,1.0,0.9159874055415616
search_CA_minus_OI,gaussian,G2_r6,G2,6.0,"[36.0, 45.0, 7.799998760223389]",31,920.6999866962434,0.2,1000,22,2,0.002,0.0002423011168772,0.0072058389114574,2,0.002,0.0002423011168772,0.0072058389114574,0.0010967741935483
search_CA_minus_OI,centered_signflip_diagnostic,G2_r6,G2,6.0,"[36.0, 45.0, 7.799998760223389]",31,920.6999866962434,0.2,1000,9,8,0.008,0.0034599761653293,0.0157020491760746,8,0.008,0.0034599761653293,0.0157020491760746,0.0028709677419354
search_CA_minus_OI,gaussian,G2_r6,G2,6.0,"[36.0, 45.0, 7.799998760223389]",31,920.6999866962434,0.4,1000,22,6,0.006,0.0022049824851513,0.0130134232709744,6,0.006,0.0022049824851513,0.0130134232709744,0.0041935483870967
search_CA_minus_OI,centered_signflip_diagnostic,G2_r6,G2,6.0,"[36.0, 45.0, 7.799998760223389]",31,920.6999866962434,0.4,1000,9,61,0.061,0.0469778755410802,0.0776707740491235,61,0.061,0.0469778755410802,0.0776707740491235,0.026258064516129
search_CA_minus_OI,gaussian,G2_r6,G2,6.0,"[36.0, 45.0, 7.799998760223389]",31,920.6999866962434,0.6,1000,22,42,0.042,0.03043470626314,0.0563502915757447,42,0.042,0.03043470626314,0.0563502915757447,0.0333225806451612
search_CA_minus_OI,centered_signflip_diagnostic,G2_r6,G2,6.0,"[36.0, 45.0, 7.799998760223389]",31,920.6999866962434,0.6,1000,9,277,0.277,0.2494534420070102,0.3058660765841771,277,0.277,0.2494534420070102,0.3058660765841771,0.1412903225806451
search_CA_minus_OI,gaussian,G2_r6,G2,6.0,"[36.0, 45.0, 7.799998760223389]",31,920.6999866962434,0.8,1000,22,275,0.275,0.2475213436555005,0.3038100774529292,275,0.275,0.2475213436555005,0.3038100774529292,0.2268387096774193
search_CA_minus_OI,centered_signflip_diagnostic,G2_r6,G2,6.0,"[36.0, 45.0, 7.799998760223389]",31,920.6999866962434,0.8,1000,9,660,0.66,0.6297017794976724,0.6893526774990283,660,0.66,0.6297017794976724,0.6893526774990283,0.4098387096774193
search_CA_minus_OI,gaussian,G2_r6,G2,6.0,"[36.0, 45.0, 7.799998760223389]",31,920.6999866962434,1.0,1000,22,663,0.663,0.6327561887523301,0.6922804941597872,663,0.663,0.6327561887523301,0.6922804941597872,0.5974838709677419
search_CA_minus_OI,centered_signflip_diagnostic,G2_r6,G2,6.0,"[36.0, 45.0, 7.799998760223389]",31,920.6999866962434,1.0,1000,9,931,0.931,0.9134848906542884,0.9459206642067436,931,0.931,0.9134848906542884,0.9459206642067436,0.7319677419354839
search_CA_minus_OI,gaussian,G2_r6,G2,6.0,"[36.0, 45.0, 7.799998760223389]",31,920.6999866962434,1.2,1000,22,912,0.912,0.8927052349649914,0.9288248657147136,912,0.912,0.8927052349649914,0.9288248657147136,0.8759677419354839
search_CA_minus_OI,centered_signflip_diagnostic,G2_r6,G2,6.0,"[36.0, 45.0, 7.799998760223389]",31,920.6999866962434,1.2,1000,9,990,0.99,0.9816867569448876,0.9951944893089508,990,0.99,0.9816867569448876,0.9951944893089508,0.9165806451612905
search_CA_minus_OI,gaussian,G2_r10,G2,10.0,"[36.0, 45.0, 7.799998760223389]",139,4128.299940347672,0.2,1000,22,14,0.014,0.0076745015650207,0.0233781560103145,15,0.015,0.0084190497500343,0.0246197000970411,0.0036618705035971
search_CA_minus_OI,centered_signflip_diagnostic,G2_r10,G2,10.0,"[36.0, 45.0, 7.799998760223389]",139,4128.299940347672,0.2,1000,9,31,0.031,0.0211581719702086,0.0437150850062389,33,0.033,0.0228223833494595,0.0460339818170231,0.0054748201438848
search_CA_minus_OI,gaussian,G2_r10,G2,10.0,"[36.0, 45.0, 7.799998760223389]",139,4128.299940347672,0.4,1000,22,105,0.105,0.08668482482454,0.1256768484553362,105,0.105,0.08668482482454,0.1256768484553362,0.0329208633093525
search_CA_minus_OI,centered_signflip_diagnostic,G2_r10,G2,10.0,"[36.0, 45.0, 7.799998760223389]",139,4128.299940347672,0.4,1000,9,196,0.196,0.1718199660335775,0.2219840642848718,196,0.196,0.1718199660335775,0.2219840642848718,0.0426546762589928
search_CA_minus_OI,gaussian,G2_r10,G2,10.0,"[36.0, 45.0, 7.799998760223389]",139,4128.299940347672,0.6,1000,22,425,0.425,0.3941203218339534,0.4563225008918246,425,0.425,0.3941203218339534,0.4563225008918246,0.1658992805755395
search_CA_minus_OI,centered_signflip_diagnostic,G2_r10,G2,10.0,"[36.0, 45.0, 7.799998760223389]",139,4128.299940347672,0.6,1000,9,576,0.576,0.5446839891296142,0.6068672809599545,576,0.576,0.5446839891296142,0.6068672809599545,0.1832158273381295
search_CA_minus_OI,gaussian,G2_r10,G2,10.0,"[36.0, 45.0, 7.799998760223389]",139,4128.299940347672,0.8,1000,22,797,0.797,0.7707116767418589,0.8215264236759837,797,0.797,0.7707116767418589,0.8215264236759837,0.4316187050359712
search_CA_minus_OI,centered_signflip_diagnostic,G2_r10,G2,10.0,"[36.0, 45.0, 7.799998760223389]",139,4128.299940347672,0.8,1000,9,896,0.896,0.8753998434301015,0.9142321773743624,896,0.896,0.8753998434301015,0.9142321773743624,0.4440575539568345
search_CA_minus_OI,gaussian,G2_r10,G2,10.0,"[36.0, 45.0, 7.799998760223389]",139,4128.299940347672,1.0,1000,22,977,0.977,0.9656876623871457,0.9853654176748232,977,0.977,0.9656876623871457,0.9853654176748232,0.7380431654676258
search_CA_minus_OI,centered_signflip_diagnostic,G2_r10,G2,10.0,"[36.0, 45.0, 7.799998760223389]",139,4128.299940347672,1.0,1000,9,991,0.991,0.9829842169301054,0.9958766043396576,991,0.991,0.9829842169301054,0.9958766043396576,0.7404820143884893
search_CA_minus_OI,gaussian,G2_r10,G2,10.0,"[36.0, 45.0, 7.799998760223389]",139,4128.299940347672,1.2,1000,22,1000,1.0,0.9963179161031344,1.0,1000,1.0,0.9963179161031344,1.0,0.92331654676259
search_CA_minus_OI,centered_signflip_diagnostic,G2_r10,G2,10.0,"[36.0, 45.0, 7.799998760223389]",139,4128.299940347672,1.2,1000,9,1000,1.0,0.9963179161031344,1.0,1000,1.0,0.9963179161031344,1.0,0.9235971223021584
search_CA_minus_OI,gaussian,G2_r14,G2,14.0,"[36.0, 45.0, 7.799998760223389]",397,11790.899829626083,0.2,1000,22,30,0.03,0.0203304856831096,0.042551402470029,30,0.03,0.0203304856831096,0.042551402470029,0.0044105793450881
search_CA_minus_OI,centered_signflip_diagnostic,G2_r14,G2,14.0,"[36.0, 45.0, 7.799998760223389]",397,11790.899829626083,0.2,1000,9,67,0.067,0.0522978364000451,0.0843100371024414,67,0.067,0.0522978364000451,0.0843100371024414,0.0058916876574307
search_CA_minus_OI,gaussian,G2_r14,G2,14.0,"[36.0, 45.0, 7.799998760223389]",397,11790.899829626083,0.4,1000,22,219,0.219,0.193724921983224,0.2459409048056213,219,0.219,0.193724921983224,0.2459409048056213,0.0396120906801007
search_CA_minus_OI,centered_signflip_diagnostic,G2_r14,G2,14.0,"[36.0, 45.0, 7.799998760223389]",397,11790.899829626083,0.4,1000,9,332,0.332,0.3028427451902084,0.3621502016852709,332,0.332,0.3028427451902084,0.3621502016852709,0.0455818639798488
search_CA_minus_OI,gaussian,G2_r14,G2,14.0,"[36.0, 45.0, 7.799998760223389]",397,11790.899829626083,0.6,1000,22,618,0.618,0.5870738501726673,0.6482291898918404,618,0.618,0.5870738501726673,0.6482291898918404,0.1786952141057934
search_CA_minus_OI,centered_signflip_diagnostic,G2_r14,G2,14.0,"[36.0, 45.0, 7.799998760223389]",397,11790.899829626083,0.6,1000,9,742,0.742,0.7136943868315392,0.7688729230250864,742,0.742,0.7136943868315392,0.7688729230250864,0.1873350125944584
search_CA_minus_OI,gaussian,G2_r14,G2,14.0,"[36.0, 45.0, 7.799998760223389]",397,11790.899829626083,0.8,1000,22,943,0.943,0.9267772705393378,0.9565464180630414,943,0.943,0.9267772705393378,0.9565464180630414,0.4477002518891687
search_CA_minus_OI,centered_signflip_diagnostic,G2_r14,G2,14.0,"[36.0, 45.0, 7.799998760223389]",397,11790.899829626083,0.8,1000,9,977,0.977,0.9656876623871457,0.9853654176748232,977,0.977,0.9656876623871457,0.9853654176748232,0.4529521410579345
search_CA_minus_OI,gaussian,G2_r14,G2,14.0,"[36.0, 45.0, 7.799998760223389]",397,11790.899829626083,1.0,1000,22,996,0.996,0.98979033531607,0.998909092012274,996,0.996,0.98979033531607,0.998909092012274,0.7453828715365238
search_CA_minus_OI,centered_signflip_diagnostic,G2_r14,G2,14.0,"[36.0, 45.0, 7.799998760223389]",397,11790.899829626083,1.0,1000,9,998,0.998,0.9927941610885423,0.9997576988831228,998,0.998,0.9927941610885423,0.9997576988831228,0.7461561712846347
search_CA_minus_OI,gaussian,G2_r14,G2,14.0,"[36.0, 45.0, 7.799998760223389]",397,11790.899829626083,1.2,1000,22,1000,1.0,0.9963179161031344,1.0,1000,1.0,0.9963179161031344,1.0,0.9249168765743072
search_CA_minus_OI,centered_signflip_diagnostic,G2_r14,G2,14.0,"[36.0, 45.0, 7.799998760223389]",397,11790.899829626083,1.2,1000,9,1000,1.0,0.9963179161031344,1.0,1000,1.0,0.9963179161031344,1.0,0.9249596977329976
search_CA_minus_OI,gaussian,G3_r6,G3,6.0,"[33.0, -66.0, -41.700000524520874]",31,920.6999866962434,0.2,1000,22,2,0.002,0.0002423011168772,0.0072058389114574,3,0.003,0.0006190999316495,0.0087420232384783,0.0006774193548387
search_CA_minus_OI,centered_signflip_diagnostic,G3_r6,G3,6.0,"[33.0, -66.0, -41.700000524520874]",31,920.6999866962434,0.2,1000,9,6,0.006,0.0022049824851513,0.0130134232709744,8,0.008,0.0034599761653293,0.0157020491760746,0.0024838709677419
search_CA_minus_OI,gaussian,G3_r6,G3,6.0,"[33.0, -66.0, -41.700000524520874]",31,920.6999866962434,0.4,1000,22,25,0.025,0.0162425356968822,0.036684823051923,25,0.025,0.0162425356968822,0.036684823051923,0.0180967741935483
search_CA_minus_OI,centered_signflip_diagnostic,G3_r6,G3,6.0,"[33.0, -66.0, -41.700000524520874]",31,920.6999866962434,0.4,1000,9,74,0.074,0.0585494442606526,0.092011736014249,74,0.074,0.0585494442606526,0.092011736014249,0.0396451612903225
search_CA_minus_OI,gaussian,G3_r6,G3,6.0,"[33.0, -66.0, -41.700000524520874]",31,920.6999866962434,0.6,1000,22,109,0.109,0.0903581476769194,0.1299783653429351,110,0.11,0.0912777744594661,0.1310524636374877,0.0943548387096774
search_CA_minus_OI,centered_signflip_diagnostic,G3_r6,G3,6.0,"[33.0, -66.0, -41.700000524520874]",31,920.6999866962434,0.6,1000,9,277,0.277,0.2494534420070102,0.3058660765841771,278,0.278,0.2504197504514022,0.3068938177281918,0.1714193548387096
search_CA_minus_OI,gaussian,G3_r6,G3,6.0,"[33.0, -66.0, -41.700000524520874]",31,920.6999866962434,0.8,1000,22,359,0.359,0.3292202434603538,0.3896127907959018,360,0.36,0.3301991830442187,0.3906279323794035,0.3253548387096774
search_CA_minus_OI,centered_signflip_diagnostic,G3_r6,G3,6.0,"[33.0, -66.0, -41.700000524520874]",31,920.6999866962434,0.8,1000,9,570,0.57,0.5386469648923902,0.6009397466063684,570,0.57,0.5386469648923902,0.6009397466063684,0.4286129032258065
search_CA_minus_OI,gaussian,G3_r6,G3,6.0,"[33.0, -66.0, -41.700000524520874]",31,920.6999866962434,1.0,1000,22,664,0.664,0.6337746170627676,0.6932561405313709,664,0.664,0.6337746170627676,0.6932561405313709,0.6279677419354839
search_CA_minus_OI,centered_signflip_diagnostic,G3_r6,G3,6.0,"[33.0, -66.0, -41.700000524520874]",31,920.6999866962434,1.0,1000,9,845,0.845,0.8210585051133448,0.8668890872440326,845,0.845,0.8210585051133448,0.8668890872440326,0.7181612903225807
search_CA_minus_OI,gaussian,G3_r6,G3,6.0,"[33.0, -66.0, -41.700000524520874]",31,920.6999866962434,1.2,1000,22,892,0.892,0.8710962391200021,0.9105609670175998,892,0.892,0.8710962391200021,0.9105609670175998,0.8711935483870968
search_CA_minus_OI,centered_signflip_diagnostic,G3_r6,G3,6.0,"[33.0, -66.0, -41.700000524520874]",31,920.6999866962434,1.2,1000,9,972,0.972,0.9597851126261568,0.9813153138044624,972,0.972,0.9597851126261568,0.9813153138044624,0.9120645161290324
search_CA_minus_OI,gaussian,G3_r10,G3,10.0,"[33.0, -66.0, -41.700000524520874]",139,4128.299940347672,0.2,1000,22,14,0.014,0.0076745015650207,0.0233781560103145,15,0.015,0.0084190497500343,0.0246197000970411,0.0026043165467625
search_CA_minus_OI,centered_signflip_diagnostic,G3_r10,G3,10.0,"[33.0, -66.0, -41.700000524520874]",139,4128.299940347672,0.2,1000,9,38,0.038,0.0270288159829839,0.0517871036219641,39,0.039,0.0278771487953364,0.052930935785445,0.0049999999999999
search_CA_minus_OI,gaussian,G3_r10,G3,10.0,"[33.0, -66.0, -41.700000524520874]",139,4128.299940347672,0.4,1000,22,101,0.101,0.0830201139118023,0.1213668235119683,101,0.101,0.0830201139118023,0.1213668235119683,0.034705035971223
search_CA_minus_OI,centered_signflip_diagnostic,G3_r10,G3,10.0,"[33.0, -66.0, -41.700000524520874]",139,4128.299940347672,0.4,1000,9,174,0.174,0.1509900584760255,0.1989468579930365,174,0.174,0.1509900584760255,0.1989468579930365,0.0429640287769784
search_CA_minus_OI,gaussian,G3_r10,G3,10.0,"[33.0, -66.0, -41.700000524520874]",139,4128.299940347672,0.6,1000,22,377,0.377,0.3468623546595489,0.40786417678951,377,0.377,0.3468623546595489,0.40786417678951,0.1707410071942446
search_CA_minus_OI,centered_signflip_diagnostic,G3_r10,G3,10.0,"[33.0, -66.0, -41.700000524520874]",139,4128.299940347672,0.6,1000,9,535,0.535,0.5035216943730003,0.5662716931630222,535,0.535,0.5035216943730003,0.5662716931630222,0.189273381294964
search_CA_minus_OI,gaussian,G3_r10,G3,10.0,"[33.0, -66.0, -41.700000524520874]",139,4128.299940347672,0.8,1000,22,716,0.716,0.6869433178040537,0.7437788049762448,716,0.716,0.6869433178040537,0.7437788049762448,0.4397841726618705
search_CA_minus_OI,centered_signflip_diagnostic,G3_r10,G3,10.0,"[33.0, -66.0, -41.700000524520874]",139,4128.299940347672,0.8,1000,9,834,0.834,0.80946321145812,0.8565513384158628,834,0.834,0.80946321145812,0.8565513384158628,0.4570359712230216
search_CA_minus_OI,gaussian,G3_r10,G3,10.0,"[33.0, -66.0, -41.700000524520874]",139,4128.299940347672,1.0,1000,22,943,0.943,0.9267772705393378,0.9565464180630414,943,0.943,0.9267772705393378,0.9565464180630414,0.7320575539568346
search_CA_minus_OI,centered_signflip_diagnostic,G3_r10,G3,10.0,"[33.0, -66.0, -41.700000524520874]",139,4128.299940347672,1.0,1000,9,977,0.977,0.9656876623871457,0.9853654176748232,977,0.977,0.9656876623871457,0.9853654176748232,0.738568345323741
search_CA_minus_OI,gaussian,G3_r10,G3,10.0,"[33.0, -66.0, -41.700000524520874]",139,4128.299940347672,1.2,1000,22,995,0.995,0.988370529440188,0.9983745804824372,995,0.995,0.988370529440188,0.9983745804824372,0.9154460431654676
search_CA_minus_OI,centered_signflip_diagnostic,G3_r10,G3,10.0,"[33.0, -66.0, -41.700000524520874]",139,4128.299940347672,1.2,1000,9,999,0.999,0.9944410757201734,0.9999746825125088,999,0.999,0.9944410757201734,0.9999746825125088,0.9161942446043164
search_CA_minus_OI,gaussian,G3_r14,G3,14.0,"[33.0, -66.0, -41.700000524520874]",397,11790.899829626083,0.2,1000,22,31,0.031,0.0211581719702086,0.0437150850062389,32,0.032,0.0219888496056424,0.0448759028350092,0.0039496221662468
search_CA_minus_OI,centered_signflip_diagnostic,G3_r14,G3,14.0,"[33.0, -66.0, -41.700000524520874]",397,11790.899829626083,0.2,1000,9,61,0.061,0.0469778755410802,0.0776707740491235,63,0.063,0.0487469275565805,0.0798880418733545,0.0055037783375314
search_CA_minus_OI,gaussian,G3_r14,G3,14.0,"[33.0, -66.0, -41.700000524520874]",397,11790.899829626083,0.4,1000,22,181,0.181,0.1576037418442293,0.2062908065575692,181,0.181,0.1576037418442293,0.2062908065575692,0.0387329974811083
search_CA_minus_OI,centered_signflip_diagnostic,G3_r14,G3,14.0,"[33.0, -66.0, -41.700000524520874]",397,11790.899829626083,0.4,1000,9,309,0.309,0.2804580317273357,0.3386713247162876,309,0.309,0.2804580317273357,0.3386713247162876,0.0460100755667506
search_CA_minus_OI,gaussian,G3_r14,G3,14.0,"[33.0, -66.0, -41.700000524520874]",397,11790.899829626083,0.6,1000,22,569,0.569,0.5376412404403916,0.5999513775754168,569,0.569,0.5376412404403916,0.5999513775754168,0.1825793450881612
search_CA_minus_OI,centered_signflip_diagnostic,G3_r14,G3,14.0,"[33.0, -66.0, -41.700000524520874]",397,11790.899829626083,0.6,1000,9,721,0.721,0.6920786126480213,0.7486137690267802,721,0.721,0.6920786126480213,0.7486137690267802,0.1956020151133501
search_CA_minus_OI,gaussian,G3_r14,G3,14.0,"[33.0, -66.0, -41.700000524520874]",397,11790.899829626083,0.8,1000,22,878,0.878,0.8560957805725834,0.8976488625599234,878,0.878,0.8560957805725834,0.8976488625599234,0.456272040302267
search_CA_minus_OI,centered_signflip_diagnostic,G3_r14,G3,14.0,"[33.0, -66.0, -41.700000524520874]",397,11790.899829626083,0.8,1000,9,950,0.95,0.9346095120845064,0.9626646023953382,950,0.95,0.9346095120845064,0.9626646023953382,0.4666020151133501
search_CA_minus_OI,gaussian,G3_r14,G3,14.0,"[33.0, -66.0, -41.700000524520874]",397,11790.899829626083,1.0,1000,22,989,0.989,0.9804033717779836,0.9944964058076864,989,0.989,0.9804033717779836,0.9944964058076864,0.7393350125944584
search_CA_minus_OI,centered_signflip_diagnostic,G3_r14,G3,14.0,"[33.0, -66.0, -41.700000524520874]",397,11790.899829626083,1.0,1000,9,997,0.997,0.9912579767615216,0.9993809000683505,997,0.997,0.9912579767615216,0.9993809000683505,0.7420730478589421
search_CA_minus_OI,gaussian,G3_r14,G3,14.0,"[33.0, -66.0, -41.700000524520874]",397,11790.899829626083,1.2,1000,22,999,0.999,0.9944410757201734,0.9999746825125088,999,0.999,0.9944410757201734,0.9999746825125088,0.915816120906801
search_CA_minus_OI,centered_signflip_diagnostic,G3_r14,G3,14.0,"[33.0, -66.0, -41.700000524520874]",397,11790.899829626083,1.2,1000,9,1000,1.0,0.9963179161031344,1.0,1000,1.0,0.9963179161031344,1.0,0.9162720403022668
search_CA_minus_OI,gaussian,G4_r6,G4,6.0,"[33.0, -39.0, 50.69999814033508]",31,920.6999866962434,0.2,1000,22,1,0.001,2.5317487491294045e-05,0.0055589242798266,1,0.001,2.5317487491294045e-05,0.0055589242798266,0.0003870967741935
search_CA_minus_OI,centered_signflip_diagnostic,G4_r6,G4,6.0,"[33.0, -39.0, 50.69999814033508]",31,920.6999866962434,0.2,1000,9,5,0.005,0.0016254195175627,0.0116294705598121,6,0.006,0.0022049824851513,0.0130134232709744,0.0019032258064516
search_CA_minus_OI,gaussian,G4_r6,G4,6.0,"[33.0, -39.0, 50.69999814033508]",31,920.6999866962434,0.4,1000,22,24,0.024,0.0154363832335084,0.0355006385313591,25,0.025,0.0162425356968822,0.036684823051923,0.0196774193548387
search_CA_minus_OI,centered_signflip_diagnostic,G4_r6,G4,6.0,"[33.0, -39.0, 50.69999814033508]",31,920.6999866962434,0.4,1000,9,66,0.066,0.0514085660189184,0.0832060504614027,67,0.067,0.0522978364000451,0.0843100371024414,0.0388387096774193
search_CA_minus_OI,gaussian,G4_r6,G4,6.0,"[33.0, -39.0, 50.69999814033508]",31,920.6999866962434,0.6,1000,22,134,0.134,0.1134883114542593,0.1566928154672997,134,0.134,0.1134883114542593,0.1566928154672997,0.1160967741935484
search_CA_minus_OI,centered_signflip_diagnostic,G4_r6,G4,6.0,"[33.0, -39.0, 50.69999814033508]",31,920.6999866962434,0.6,1000,9,246,0.246,0.2195866220667984,0.2739176691815881,246,0.246,0.2195866220667984,0.2739176691815881,0.1716451612903225
search_CA_minus_OI,gaussian,G4_r6,G4,6.0,"[33.0, -39.0, 50.69999814033508]",31,920.6999866962434,0.8,1000,22,392,0.392,0.3615978090254806,0.4230400224703512,392,0.392,0.3615978090254806,0.4230400224703512,0.3557096774193548
search_CA_minus_OI,centered_signflip_diagnostic,G4_r6,G4,6.0,"[33.0, -39.0, 50.69999814033508]",31,920.6999866962434,0.8,1000,9,564,0.564,0.5326145242345781,0.59500762481945,564,0.564,0.5326145242345781,0.59500762481945,0.4388064516129032
search_CA_minus_OI,gaussian,G4_r6,G4,6.0,"[33.0, -39.0, 50.69999814033508]",31,920.6999866962434,1.0,1000,22,713,0.713,0.6838641639245253,0.7408757971772888,713,0.713,0.6838641639245253,0.7408757971772888,0.6792903225806451
search_CA_minus_OI,centered_signflip_diagnostic,G4_r6,G4,6.0,"[33.0, -39.0, 50.69999814033508]",31,920.6999866962434,1.0,1000,9,826,0.826,0.8010531420069634,0.8490099415239745,826,0.826,0.8010531420069634,0.8490099415239745,0.7356774193548388
search_CA_minus_OI,gaussian,G4_r6,G4,6.0,"[33.0, -39.0, 50.69999814033508]",31,920.6999866962434,1.2,1000,22,919,0.919,0.9003283010315127,0.935156460291505,919,0.919,0.9003283010315127,0.935156460291505,0.9000645161290323
search_CA_minus_OI,centered_signflip_diagnostic,G4_r6,G4,6.0,"[33.0, -39.0, 50.69999814033508]",31,920.6999866962434,1.2,1000,9,968,0.968,0.9551240971649908,0.9780111503943576,968,0.968,0.9551240971649908,0.9780111503943576,0.9246451612903226
search_CA_minus_OI,gaussian,G4_r10,G4,10.0,"[33.0, -39.0, 50.69999814033508]",139,4128.299940347672,0.2,1000,22,8,0.008,0.0034599761653293,0.0157020491760746,10,0.01,0.0048055106910493,0.0183132430551124,0.0025251798561151
search_CA_minus_OI,centered_signflip_diagnostic,G4_r10,G4,10.0,"[33.0, -39.0, 50.69999814033508]",139,4128.299940347672,0.2,1000,9,24,0.024,0.0154363832335084,0.0355006385313591,26,0.026,0.0170527863456294,0.0378651224789214,0.0040791366906474
search_CA_minus_OI,gaussian,G4_r10,G4,10.0,"[33.0, -39.0, 50.69999814033508]",139,4128.299940347672,0.4,1000,22,88,0.088,0.0711751342852865,0.1072947650350086,88,0.088,0.0711751342852865,0.1072947650350086,0.0374748201438848
search_CA_minus_OI,centered_signflip_diagnostic,G4_r10,G4,10.0,"[33.0, -39.0, 50.69999814033508]",139,4128.299940347672,0.4,1000,9,164,0.164,0.1415662764543619,0.1884313275260984,164,0.164,0.1415662764543619,0.1884313275260984,0.0454820143884892
search_CA_minus_OI,gaussian,G4_r10,G4,10.0,"[33.0, -39.0, 50.69999814033508]",139,4128.299940347672,0.6,1000,22,319,0.319,0.2901806065772735,0.3488894172992221,320,0.32,0.2911537108813485,0.3499103818528666,0.1744820143884892
search_CA_minus_OI,centered_signflip_diagnostic,G4_r10,G4,10.0,"[33.0, -39.0, 50.69999814033508]",139,4128.299940347672,0.6,1000,9,472,0.472,0.4406803247019827,0.503484962255262,472,0.472,0.4406803247019827,0.503484962255262,0.1935323741007194
search_CA_minus_OI,gaussian,G4_r10,G4,10.0,"[33.0, -39.0, 50.69999814033508]",139,4128.299940347672,0.8,1000,22,667,0.667,0.6368307821479919,0.6961821975798421,667,0.667,0.6368307821479919,0.6961821975798421,0.4462877697841726
search_CA_minus_OI,centered_signflip_diagnostic,G4_r10,G4,10.0,"[33.0, -39.0, 50.69999814033508]",139,4128.299940347672,0.8,1000,9,798,0.798,0.7717544218601164,0.8224776638277916,798,0.798,0.7717544218601164,0.8224776638277916,0.4664388489208633
search_CA_minus_OI,gaussian,G4_r10,G4,10.0,"[33.0, -39.0, 50.69999814033508]",139,4128.299940347672,1.0,1000,22,892,0.892,0.8710962391200021,0.9105609670175998,892,0.892,0.8710962391200021,0.9105609670175998,0.7419568345323742
search_CA_minus_OI,centered_signflip_diagnostic,G4_r10,G4,10.0,"[33.0, -39.0, 50.69999814033508]",139,4128.299940347672,1.0,1000,9,964,0.964,0.9505070882819876,0.9746610850701622,964,0.964,0.9505070882819876,0.9746610850701622,0.7547553956834533
search_CA_minus_OI,gaussian,G4_r10,G4,10.0,"[33.0, -39.0, 50.69999814033508]",139,4128.299940347672,1.2,1000,22,985,0.985,0.9753802999029588,0.9915809502499656,985,0.985,0.9753802999029588,0.9915809502499656,0.9265179856115108
search_CA_minus_OI,centered_signflip_diagnostic,G4_r10,G4,10.0,"[33.0, -39.0, 50.69999814033508]",139,4128.299940347672,1.2,1000,9,998,0.998,0.9927941610885423,0.9997576988831228,998,0.998,0.9927941610885423,0.9997576988831228,0.929179856115108
search_CA_minus_OI,gaussian,G4_r14,G4,14.0,"[33.0, -39.0, 50.69999814033508]",397,11790.899829626083,0.2,1000,22,27,0.027,0.0178669059252497,0.0390417468059701,29,0.029,0.0195059373243846,0.0413847191164019,0.0041209068010075
search_CA_minus_OI,centered_signflip_diagnostic,G4_r14,G4,14.0,"[33.0, -39.0, 50.69999814033508]",397,11790.899829626083,0.2,1000,9,48,0.048,0.0356002653428832,0.0631401154015092,50,0.05,0.0373353976046618,0.0653904879154936,0.0051284634760705
search_CA_minus_OI,gaussian,G4_r14,G4,14.0,"[33.0, -39.0, 50.69999814033508]",397,11790.899829626083,0.4,1000,22,183,0.183,0.1594958343308956,0.2083866245441324,184,0.184,0.160442283184788,0.2094341334145285,0.0420680100755667
search_CA_minus_OI,centered_signflip_diagnostic,G4_r14,G4,14.0,"[33.0, -39.0, 50.69999814033508]",397,11790.899829626083,0.4,1000,9,278,0.278,0.2504197504514022,0.3068938177281918,278,0.278,0.2504197504514022,0.3068938177281918,0.0479496221662468
search_CA_minus_OI,gaussian,G4_r14,G4,14.0,"[33.0, -39.0, 50.69999814033508]",397,11790.899829626083,0.6,1000,22,503,0.503,0.4715408750196658,0.5344414162289225,503,0.503,0.4715408750196658,0.5344414162289225,0.185448362720403
search_CA_minus_OI,centered_signflip_diagnostic,G4_r14,G4,14.0,"[33.0, -39.0, 50.69999814033508]",397,11790.899829626083,0.6,1000,9,665,0.665,0.6347931918497085,0.6942316401097939,665,0.665,0.6347931918497085,0.6942316401097939,0.1962342569269521
search_CA_minus_OI,gaussian,G4_r14,G4,14.0,"[33.0, -39.0, 50.69999814033508]",397,11790.899829626083,0.8,1000,22,858,0.858,0.8348129616464028,0.8790551042902569,858,0.858,0.8348129616464028,0.8790551042902569,0.4594181360201511
search_CA_minus_OI,centered_signflip_diagnostic,G4_r14,G4,14.0,"[33.0, -39.0, 50.69999814033508]",397,11790.899829626083,0.8,1000,9,933,0.933,0.9156899628975586,0.9477021635999548,933,0.933,0.9156899628975586,0.9477021635999548,0.4702518891687657
search_CA_minus_OI,gaussian,G4_r14,G4,14.0,"[33.0, -39.0, 50.69999814033508]",397,11790.899829626083,1.0,1000,22,985,0.985,0.9753802999029588,0.9915809502499656,985,0.985,0.9753802999029588,0.9915809502499656,0.7512821158690177
search_CA_minus_OI,centered_signflip_diagnostic,G4_r14,G4,14.0,"[33.0, -39.0, 50.69999814033508]",397,11790.899829626083,1.0,1000,9,997,0.997,0.9912579767615216,0.9993809000683505,997,0.997,0.9912579767615216,0.9993809000683505,0.7557178841309823
search_CA_minus_OI,gaussian,G4_r14,G4,14.0,"[33.0, -39.0, 50.69999814033508]",397,11790.899829626083,1.2,1000,22,1000,1.0,0.9963179161031344,1.0,1000,1.0,0.9963179161031344,1.0,0.9263551637279596
search_CA_minus_OI,centered_signflip_diagnostic,G4_r14,G4,14.0,"[33.0, -39.0, 50.69999814033508]",397,11790.899829626083,1.2,1000,9,1000,1.0,0.9963179161031344,1.0,1000,1.0,0.9963179161031344,1.0,0.9270528967254408
search_JX_minus_OI,gaussian,G1_r6,G1,6.0,"[-54.0, -45.0, 11.099998712539673]",31,920.6999866962434,0.2,1000,17,3,0.003,0.0006190999316495,0.0087420232384783,3,0.003,0.0006190999316495,0.0087420232384783,0.0014516129032258
search_JX_minus_OI,centered_signflip_diagnostic,G1_r6,G1,6.0,"[-54.0, -45.0, 11.099998712539673]",31,920.6999866962434,0.2,1000,8,6,0.006,0.0022049824851513,0.0130134232709744,8,0.008,0.0034599761653293,0.0157020491760746,0.0024516129032258
search_JX_minus_OI,gaussian,G1_r6,G1,6.0,"[-54.0, -45.0, 11.099998712539673]",31,920.6999866962434,0.4,1000,17,11,0.011,0.0055035941923135,0.0195966282220165,11,0.011,0.0055035941923135,0.0195966282220165,0.0060645161290322
search_JX_minus_OI,centered_signflip_diagnostic,G1_r6,G1,6.0,"[-54.0, -45.0, 11.099998712539673]",31,920.6999866962434,0.4,1000,8,60,0.06,0.0460950354224843,0.0765604904039347,60,0.06,0.0460950354224843,0.0765604904039347,0.0223225806451612
search_JX_minus_OI,gaussian,G1_r6,G1,6.0,"[-54.0, -45.0, 11.099998712539673]",31,920.6999866962434,0.6,1000,17,85,0.085,0.0684572787709901,0.1040319857783772,85,0.085,0.0684572787709901,0.1040319857783772,0.0554838709677419
search_JX_minus_OI,centered_signflip_diagnostic,G1_r6,G1,6.0,"[-54.0, -45.0, 11.099998712539673]",31,920.6999866962434,0.6,1000,8,296,0.296,0.2678421975198892,0.3253643534049341,296,0.296,0.2678421975198892,0.3253643534049341,0.1329032258064516
search_JX_minus_OI,gaussian,G1_r6,G1,6.0,"[-54.0, -45.0, 11.099998712539673]",31,920.6999866962434,0.8,1000,17,393,0.393,0.3625812430106539,0.4240506766489179,393,0.393,0.3625812430106539,0.4240506766489179,0.2837419354838709
search_JX_minus_OI,centered_signflip_diagnostic,G1_r6,G1,6.0,"[-54.0, -45.0, 11.099998712539673]",31,920.6999866962434,0.8,1000,8,724,0.724,0.6951618366492641,0.7515126937851585,724,0.724,0.6951618366492641,0.7515126937851585,0.4125483870967741
search_JX_minus_OI,gaussian,G1_r6,G1,6.0,"[-54.0, -45.0, 11.099998712539673]",31,920.6999866962434,1.0,1000,17,804,0.804,0.7780159357151282,0.8281800339664225,804,0.804,0.7780159357151282,0.8281800339664225,0.6717419354838711
search_JX_minus_OI,centered_signflip_diagnostic,G1_r6,G1,6.0,"[-54.0, -45.0, 11.099998712539673]",31,920.6999866962434,1.0,1000,8,939,0.939,0.9223292259508764,0.9530221244589198,939,0.939,0.9223292259508764,0.9530221244589198,0.7265483870967742
search_JX_minus_OI,gaussian,G1_r6,G1,6.0,"[-54.0, -45.0, 11.099998712539673]",31,920.6999866962434,1.2,1000,17,954,0.954,0.9391164472862572,0.966128501452322,954,0.954,0.9391164472862572,0.966128501452322,0.8974193548387097
search_JX_minus_OI,centered_signflip_diagnostic,G1_r6,G1,6.0,"[-54.0, -45.0, 11.099998712539673]",31,920.6999866962434,1.2,1000,8,994,0.994,0.9869865767290256,0.9977950175148488,994,0.994,0.9869865767290256,0.9977950175148488,0.9142903225806452
search_JX_minus_OI,gaussian,G1_r10,G1,10.0,"[-54.0, -45.0, 11.099998712539673]",139,4128.299940347672,0.2,1000,17,17,0.017,0.0099335125927165,0.0270794968648513,20,0.02,0.0122582679724063,0.0307200326826091,0.0035971223021582
search_JX_minus_OI,centered_signflip_diagnostic,G1_r10,G1,10.0,"[-54.0, -45.0, 11.099998712539673]",139,4128.299940347672,0.2,1000,8,31,0.031,0.0211581719702086,0.0437150850062389,34,0.034,0.0236586481075967,0.0471894386157074,0.0047553956834532
search_JX_minus_OI,gaussian,G1_r10,G1,10.0,"[-54.0, -45.0, 11.099998712539673]",139,4128.299940347672,0.4,1000,17,123,0.123,0.1032769096414177,0.1449722386735684,123,0.123,0.1032769096414177,0.1449722386735684,0.0278776978417266
search_JX_minus_OI,centered_signflip_diagnostic,G1_r10,G1,10.0,"[-54.0, -45.0, 11.099998712539673]",139,4128.299940347672,0.4,1000,8,235,0.235,0.2090323580446217,0.2625376654313541,235,0.235,0.2090323580446217,0.2625376654313541,0.0371942446043165
search_JX_minus_OI,gaussian,G1_r10,G1,10.0,"[-54.0, -45.0, 11.099998712539673]",139,4128.299940347672,0.6,1000,17,521,0.521,0.4895144677688221,0.5523615687672608,521,0.521,0.4895144677688221,0.5523615687672608,0.1547625899280575
search_JX_minus_OI,centered_signflip_diagnostic,G1_r10,G1,10.0,"[-54.0, -45.0, 11.099998712539673]",139,4128.299940347672,0.6,1000,8,690,0.69,0.6603061689626798,0.7185704096369193,690,0.69,0.6603061689626798,0.7185704096369193,0.1707266187050359
search_JX_minus_OI,gaussian,G1_r10,G1,10.0,"[-54.0, -45.0, 11.099998712539673]",139,4128.299940347672,0.8,1000,17,920,0.92,0.9014202209520978,0.9360580171533266,920,0.92,0.9014202209520978,0.9360580171533266,0.4402661870503597
search_JX_minus_OI,centered_signflip_diagnostic,G1_r10,G1,10.0,"[-54.0, -45.0, 11.099998712539673]",139,4128.299940347672,0.8,1000,8,973,0.973,0.9609582531940298,0.9821330940747502,973,0.973,0.9609582531940298,0.9821330940747502,0.4473597122302158
search_JX_minus_OI,gaussian,G1_r10,G1,10.0,"[-54.0, -45.0, 11.099998712539673]",139,4128.299940347672,1.0,1000,17,997,0.997,0.9912579767615216,0.9993809000683505,997,0.997,0.9912579767615216,0.9993809000683505,0.741136690647482
search_JX_minus_OI,centered_signflip_diagnostic,G1_r10,G1,10.0,"[-54.0, -45.0, 11.099998712539673]",139,4128.299940347672,1.0,1000,8,1000,1.0,0.9963179161031344,1.0,1000,1.0,0.9963179161031344,1.0,0.7419136690647482
search_JX_minus_OI,gaussian,G1_r10,G1,10.0,"[-54.0, -45.0, 11.099998712539673]",139,4128.299940347672,1.2,1000,17,1000,1.0,0.9963179161031344,1.0,1000,1.0,0.9963179161031344,1.0,0.9227338129496402
search_JX_minus_OI,centered_signflip_diagnostic,G1_r10,G1,10.0,"[-54.0, -45.0, 11.099998712539673]",139,4128.299940347672,1.2,1000,8,1000,1.0,0.9963179161031344,1.0,1000,1.0,0.9963179161031344,1.0,0.9227338129496402
search_JX_minus_OI,gaussian,G1_r14,G1,14.0,"[-54.0, -45.0, 11.099998712539673]",397,11790.899829626083,0.2,1000,17,33,0.033,0.0228223833494595,0.0460339818170231,35,0.035,0.0244975278947587,0.0483423816142217,0.0040302267002518
search_JX_minus_OI,centered_signflip_diagnostic,G1_r14,G1,14.0,"[-54.0, -45.0, 11.099998712539673]",397,11790.899829626083,0.2,1000,8,65,0.065,0.0505203096896179,0.082101069921371,67,0.067,0.0522978364000451,0.0843100371024414,0.0051309823677581
search_JX_minus_OI,gaussian,G1_r14,G1,14.0,"[-54.0, -45.0, 11.099998712539673]",397,11790.899829626083,0.4,1000,17,245,0.245,0.2186261583938605,0.2728841044622731,245,0.245,0.2186261583938605,0.2728841044622731,0.035624685138539
search_JX_minus_OI,centered_signflip_diagnostic,G1_r14,G1,14.0,"[-54.0, -45.0, 11.099998712539673]",397,11790.899829626083,0.4,1000,8,381,0.381,0.3507888485329765,0.41191402530042,381,0.381,0.3507888485329765,0.41191402530042,0.0421360201511335
search_JX_minus_OI,gaussian,G1_r14,G1,14.0,"[-54.0, -45.0, 11.099998712539673]",397,11790.899829626083,0.6,1000,17,722,0.722,0.6931061822718082,0.7495802495485977,722,0.722,0.6931061822718082,0.7495802495485977,0.1678413098236775
search_JX_minus_OI,centered_signflip_diagnostic,G1_r14,G1,14.0,"[-54.0, -45.0, 11.099998712539673]",397,11790.899829626083,0.6,1000,8,860,0.86,0.8369342847990452,0.8809215026186442,860,0.86,0.8369342847990452,0.8809215026186442,0.1790831234256927
search_JX_minus_OI,gaussian,G1_r14,G1,14.0,"[-54.0, -45.0, 11.099998712539673]",397,11790.899829626083,0.8,1000,17,979,0.979,0.9680776648195843,0.9869548077096124,979,0.979,0.9680776648195843,0.9869548077096124,0.4502821158690176
search_JX_minus_OI,centered_signflip_diagnostic,G1_r14,G1,14.0,"[-54.0, -45.0, 11.099998712539673]",397,11790.899829626083,0.8,1000,8,992,0.992,0.9842979508239252,0.9965400238346708,992,0.992,0.9842979508239252,0.9965400238346708,0.4543576826196473
search_JX_minus_OI,gaussian,G1_r14,G1,14.0,"[-54.0, -45.0, 11.099998712539673]",397,11790.899829626083,1.0,1000,17,1000,1.0,0.9963179161031344,1.0,1000,1.0,0.9963179161031344,1.0,0.7457027707808563
search_JX_minus_OI,centered_signflip_diagnostic,G1_r14,G1,14.0,"[-54.0, -45.0, 11.099998712539673]",397,11790.899829626083,1.0,1000,8,1000,1.0,0.9963179161031344,1.0,1000,1.0,0.9963179161031344,1.0,0.7460705289672545
search_JX_minus_OI,gaussian,G1_r14,G1,14.0,"[-54.0, -45.0, 11.099998712539673]",397,11790.899829626083,1.2,1000,17,1000,1.0,0.9963179161031344,1.0,1000,1.0,0.9963179161031344,1.0,0.9239748110831234
search_JX_minus_OI,centered_signflip_diagnostic,G1_r14,G1,14.0,"[-54.0, -45.0, 11.099998712539673]",397,11790.899829626083,1.2,1000,8,1000,1.0,0.9963179161031344,1.0,1000,1.0,0.9963179161031344,1.0,0.9240629722921916
search_JX_minus_OI,gaussian,G2_r6,G2,6.0,"[36.0, 45.0, 7.799998760223389]",31,920.6999866962434,0.2,1000,17,0,0.0,0.0,0.0036820838968656,0,0.0,0.0,0.0036820838968656,0.0
search_JX_minus_OI,centered_signflip_diagnostic,G2_r6,G2,6.0,"[36.0, 45.0, 7.799998760223389]",31,920.6999866962434,0.2,1000,8,6,0.006,0.0022049824851513,0.0130134232709744,6,0.006,0.0022049824851513,0.0130134232709744,0.0020322580645161
search_JX_minus_OI,gaussian,G2_r6,G2,6.0,"[36.0, 45.0, 7.799998760223389]",31,920.6999866962434,0.4,1000,17,6,0.006,0.0022049824851513,0.0130134232709744,6,0.006,0.0022049824851513,0.0130134232709744,0.0034838709677419
search_JX_minus_OI,centered_signflip_diagnostic,G2_r6,G2,6.0,"[36.0, 45.0, 7.799998760223389]",31,920.6999866962434,0.4,1000,8,71,0.071,0.0558646482498975,0.0887164408867873,71,0.071,0.0558646482498975,0.0887164408867873,0.0247419354838709
search_JX_minus_OI,gaussian,G2_r6,G2,6.0,"[36.0, 45.0, 7.799998760223389]",31,920.6999866962434,0.6,1000,17,77,0.077,0.0612420277835489,0.0952993809782596,77,0.077,0.0612420277835489,0.0952993809782596,0.0493548387096774
search_JX_minus_OI,centered_signflip_diagnostic,G2_r6,G2,6.0,"[36.0, 45.0, 7.799998760223389]",31,920.6999866962434,0.6,1000,8,307,0.307,0.2785153853064898,0.336625842461272,307,0.307,0.2785153853064898,0.336625842461272,0.1333548387096774
search_JX_minus_OI,gaussian,G2_r6,G2,6.0,"[36.0, 45.0, 7.799998760223389]",31,920.6999866962434,0.8,1000,17,393,0.393,0.3625812430106539,0.4240506766489179,393,0.393,0.3625812430106539,0.4240506766489179,0.2875806451612903
search_JX_minus_OI,centered_signflip_diagnostic,G2_r6,G2,6.0,"[36.0, 45.0, 7.799998760223389]",31,920.6999866962434,0.8,1000,8,724,0.724,0.6951618366492641,0.7515126937851585,724,0.724,0.6951618366492641,0.7515126937851585,0.415258064516129
search_JX_minus_OI,gaussian,G2_r6,G2,6.0,"[36.0, 45.0, 7.799998760223389]",31,920.6999866962434,1.0,1000,17,795,0.795,0.7686268950660801,0.8196232310113184,795,0.795,0.7686268950660801,0.8196232310113184,0.6629354838709677
search_JX_minus_OI,centered_signflip_diagnostic,G2_r6,G2,6.0,"[36.0, 45.0, 7.799998760223389]",31,920.6999866962434,1.0,1000,8,949,0.949,0.9334865384050652,0.961794763225314,949,0.949,0.9334865384050652,0.961794763225314,0.7262580645161291
search_JX_minus_OI,gaussian,G2_r6,G2,6.0,"[36.0, 45.0, 7.799998760223389]",31,920.6999866962434,1.2,1000,17,965,0.965,0.9516576183857784,0.9755024721052412,965,0.965,0.9516576183857784,0.9755024721052412,0.9026129032258065
search_JX_minus_OI,centered_signflip_diagnostic,G2_r6,G2,6.0,"[36.0, 45.0, 7.799998760223389]",31,920.6999866962434,1.2,1000,8,998,0.998,0.9927941610885423,0.9997576988831228,998,0.998,0.9927941610885423,0.9997576988831228,0.9166774193548388
search_JX_minus_OI,gaussian,G2_r10,G2,10.0,"[36.0, 45.0, 7.799998760223389]",139,4128.299940347672,0.2,1000,17,10,0.01,0.0048055106910493,0.0183132430551124,10,0.01,0.0048055106910493,0.0183132430551124,0.0017985611510791
search_JX_minus_OI,centered_signflip_diagnostic,G2_r10,G2,10.0,"[36.0, 45.0, 7.799998760223389]",139,4128.299940347672,0.2,1000,8,31,0.031,0.0211581719702086,0.0437150850062389,31,0.031,0.0211581719702086,0.0437150850062389,0.0034892086330935
search_JX_minus_OI,gaussian,G2_r10,G2,10.0,"[36.0, 45.0, 7.799998760223389]",139,4128.299940347672,0.4,1000,17,129,0.129,0.1088405712062348,0.1513714153149563,129,0.129,0.1088405712062348,0.1513714153149563,0.0303165467625899
search_JX_minus_OI,centered_signflip_diagnostic,G2_r10,G2,10.0,"[36.0, 45.0, 7.799998760223389]",139,4128.299940347672,0.4,1000,8,198,0.198,0.1737197811041495,0.2240722051716183,198,0.198,0.1737197811041495,0.2240722051716183,0.0371294964028776
search_JX_minus_OI,gaussian,G2_r10,G2,10.0,"[36.0, 45.0, 7.799998760223389]",139,4128.299940347672,0.6,1000,17,424,0.424,0.3931327190400452,0.4553160108703858,424,0.424,0.3931327190400452,0.4553160108703858,0.1487697841726618
search_JX_minus_OI,centered_signflip_diagnostic,G2_r10,G2,10.0,"[36.0, 45.0, 7.799998760223389]",139,4128.299940347672,0.6,1000,8,599,0.599,0.5678688474086688,0.6295465214905854,599,0.599,0.5678688474086688,0.6295465214905854,0.1664244604316546
search_JX_minus_OI,gaussian,G2_r10,G2,10.0,"[36.0, 45.0, 7.799998760223389]",139,4128.299940347672,0.8,1000,17,844,0.844,0.8200028150110137,0.8659508761108913,844,0.844,0.8200028150110137,0.8659508761108913,0.4360431654676259
search_JX_minus_OI,centered_signflip_diagnostic,G2_r10,G2,10.0,"[36.0, 45.0, 7.799998760223389]",139,4128.299940347672,0.8,1000,8,927,0.927,0.9090858246054988,0.9423463747720674,927,0.927,0.9090858246054988,0.9423463747720674,0.4470503597122302
search_JX_minus_OI,gaussian,G2_r10,G2,10.0,"[36.0, 45.0, 7.799998760223389]",139,4128.299940347672,1.0,1000,17,993,0.993,0.9856308050210814,0.9971811412403796,993,0.993,0.9856308050210814,0.9971811412403796,0.7392086330935251
search_JX_minus_OI,centered_signflip_diagnostic,G2_r10,G2,10.0,"[36.0, 45.0, 7.799998760223389]",139,4128.299940347672,1.0,1000,8,999,0.999,0.9944410757201734,0.9999746825125088,999,0.999,0.9944410757201734,0.9999746825125088,0.7410791366906475
search_JX_minus_OI,gaussian,G2_r10,G2,10.0,"[36.0, 45.0, 7.799998760223389]",139,4128.299940347672,1.2,1000,17,999,0.999,0.9944410757201734,0.9999746825125088,999,0.999,0.9944410757201734,0.9999746825125088,0.9187194244604316
search_JX_minus_OI,centered_signflip_diagnostic,G2_r10,G2,10.0,"[36.0, 45.0, 7.799998760223389]",139,4128.299940347672,1.2,1000,8,999,0.999,0.9944410757201734,0.9999746825125088,999,0.999,0.9944410757201734,0.9999746825125088,0.9188129496402878
search_JX_minus_OI,gaussian,G2_r14,G2,14.0,"[36.0, 45.0, 7.799998760223389]",397,11790.899829626083,0.2,1000,17,31,0.031,0.0211581719702086,0.0437150850062389,31,0.031,0.0211581719702086,0.0437150850062389,0.0035516372795969
search_JX_minus_OI,centered_signflip_diagnostic,G2_r14,G2,14.0,"[36.0, 45.0, 7.799998760223389]",397,11790.899829626083,0.2,1000,8,59,0.059,0.0452133544027966,0.0754490730842407,59,0.059,0.0452133544027966,0.0754490730842407,0.0047027707808564
search_JX_minus_OI,gaussian,G2_r14,G2,14.0,"[36.0, 45.0, 7.799998760223389]",397,11790.899829626083,0.4,1000,17,210,0.21,0.1851388463685058,0.2365809848578131,210,0.21,0.1851388463685058,0.2365809848578131,0.0381057934508816
search_JX_minus_OI,centered_signflip_diagnostic,G2_r14,G2,14.0,"[36.0, 45.0, 7.799998760223389]",397,11790.899829626083,0.4,1000,8,321,0.321,0.292126967595323,0.350931194366381,321,0.321,0.292126967595323,0.350931194366381,0.0432896725440806
search_JX_minus_OI,gaussian,G2_r14,G2,14.0,"[36.0, 45.0, 7.799998760223389]",397,11790.899829626083,0.6,1000,17,647,0.647,0.6164810049425453,0.6766504424204183,647,0.647,0.6164810049425453,0.6766504424204183,0.1737607052896725
search_JX_minus_OI,centered_signflip_diagnostic,G2_r14,G2,14.0,"[36.0, 45.0, 7.799998760223389]",397,11790.899829626083,0.6,1000,8,783,0.783,0.7561375247466817,0.8081846551453902,783,0.783,0.7561375247466817,0.8081846551453902,0.1826675062972292
search_JX_minus_OI,gaussian,G2_r14,G2,14.0,"[36.0, 45.0, 7.799998760223389]",397,11790.899829626083,0.8,1000,17,960,0.96,0.9459273031806316,0.9712723747141092,960,0.96,0.9459273031806316,0.9712723747141092,0.4569596977329975
search_JX_minus_OI,centered_signflip_diagnostic,G2_r14,G2,14.0,"[36.0, 45.0, 7.799998760223389]",397,11790.899829626083,0.8,1000,8,986,0.986,0.9766218439896855,0.9923254984349792,986,0.986,0.9766218439896855,0.9923254984349792,0.4614256926952141
search_JX_minus_OI,gaussian,G2_r14,G2,14.0,"[36.0, 45.0, 7.799998760223389]",397,11790.899829626083,1.0,1000,17,999,0.999,0.9944410757201734,0.9999746825125088,999,0.999,0.9944410757201734,0.9999746825125088,0.7462544080604533
search_JX_minus_OI,centered_signflip_diagnostic,G2_r14,G2,14.0,"[36.0, 45.0, 7.799998760223389]",397,11790.899829626083,1.0,1000,8,999,0.999,0.9944410757201734,0.9999746825125088,999,0.999,0.9944410757201734,0.9999746825125088,0.7469370277078086
search_JX_minus_OI,gaussian,G2_r14,G2,14.0,"[36.0, 45.0, 7.799998760223389]",397,11790.899829626083,1.2,1000,17,1000,1.0,0.9963179161031344,1.0,1000,1.0,0.9963179161031344,1.0,0.920919395465995
search_JX_minus_OI,centered_signflip_diagnostic,G2_r14,G2,14.0,"[36.0, 45.0, 7.799998760223389]",397,11790.899829626083,1.2,1000,8,1000,1.0,0.9963179161031344,1.0,1000,1.0,0.9963179161031344,1.0,0.9209773299748112
search_JX_minus_OI,gaussian,G3_r6,G3,6.0,"[33.0, -66.0, -41.700000524520874]",31,920.6999866962434,0.2,1000,17,5,0.005,0.0016254195175627,0.0116294705598121,7,0.007,0.0028188587596205,0.0143691949789186,0.0044838709677419
search_JX_minus_OI,centered_signflip_diagnostic,G3_r6,G3,6.0,"[33.0, -66.0, -41.700000524520874]",31,920.6999866962434,0.2,1000,8,9,0.009,0.0041233956603424,0.0170157830698945,11,0.011,0.0055035941923135,0.0195966282220165,0.0057096774193548
search_JX_minus_OI,gaussian,G3_r6,G3,6.0,"[33.0, -66.0, -41.700000524520874]",31,920.6999866962434,0.4,1000,17,42,0.042,0.03043470626314,0.0563502915757447,42,0.042,0.03043470626314,0.0563502915757447,0.0341290322580645
search_JX_minus_OI,centered_signflip_diagnostic,G3_r6,G3,6.0,"[33.0, -66.0, -41.700000524520874]",31,920.6999866962434,0.4,1000,8,65,0.065,0.0505203096896179,0.082101069921371,65,0.065,0.0505203096896179,0.082101069921371,0.0434838709677419
search_JX_minus_OI,gaussian,G3_r6,G3,6.0,"[33.0, -66.0, -41.700000524520874]",31,920.6999866962434,0.6,1000,17,164,0.164,0.1415662764543619,0.1884313275260984,164,0.164,0.1415662764543619,0.1884313275260984,0.1406129032258064
search_JX_minus_OI,centered_signflip_diagnostic,G3_r6,G3,6.0,"[33.0, -66.0, -41.700000524520874]",31,920.6999866962434,0.6,1000,8,247,0.247,0.220547279478941,0.2749510409370083,247,0.247,0.220547279478941,0.2749510409370083,0.1714516129032258
search_JX_minus_OI,gaussian,G3_r6,G3,6.0,"[33.0, -66.0, -41.700000524520874]",31,920.6999866962434,0.8,1000,17,445,0.445,0.4138991104042846,0.4764255906520587,445,0.445,0.4138991104042846,0.4764255906520587,0.3935161290322581
search_JX_minus_OI,centered_signflip_diagnostic,G3_r6,G3,6.0,"[33.0, -66.0, -41.700000524520874]",31,920.6999866962434,0.8,1000,8,547,0.547,0.5155473142694613,0.5781752233708395,547,0.547,0.5155473142694613,0.5781752233708395,0.4320322580645162
search_JX_minus_OI,gaussian,G3_r6,G3,6.0,"[33.0, -66.0, -41.700000524520874]",31,920.6999866962434,1.0,1000,17,734,0.734,0.7054505633196612,0.7611644251366967,734,0.734,0.7054505633196612,0.7611644251366967,0.6878709677419356
search_JX_minus_OI,centered_signflip_diagnostic,G3_r6,G3,6.0,"[33.0, -66.0, -41.700000524520874]",31,920.6999866962434,1.0,1000,8,823,0.823,0.7979040786922191,0.8461771732986039,823,0.823,0.7979040786922191,0.8461771732986039,0.7215483870967742
search_JX_minus_OI,gaussian,G3_r6,G3,6.0,"[33.0, -66.0, -41.700000524520874]",31,920.6999866962434,1.2,1000,17,930,0.93,0.9123837665107154,0.94502847508083,930,0.93,0.9123837665107154,0.94502847508083,0.9073548387096774
search_JX_minus_OI,centered_signflip_diagnostic,G3_r6,G3,6.0,"[33.0, -66.0, -41.700000524520874]",31,920.6999866962434,1.2,1000,8,955,0.955,0.9402471673065922,0.9669903745688512,955,0.955,0.9402471673065922,0.9669903745688512,0.9174516129032256
search_JX_minus_OI,gaussian,G3_r10,G3,10.0,"[33.0, -66.0, -41.700000524520874]",139,4128.299940347672,0.2,1000,17,13,0.013,0.0069396175028514,0.0221278036367784,13,0.013,0.0069396175028514,0.0221278036367784,0.0052661870503597
search_JX_minus_OI,centered_signflip_diagnostic,G3_r10,G3,10.0,"[33.0, -66.0, -41.700000524520874]",139,4128.299940347672,0.2,1000,8,22,0.022,0.0138374141720738,0.0331196645149877,22,0.022,0.0138374141720738,0.0331196645149877,0.0058920863309352
search_JX_minus_OI,gaussian,G3_r10,G3,10.0,"[33.0, -66.0, -41.700000524520874]",139,4128.299940347672,0.4,1000,17,90,0.09,0.0729904664566228,0.1094665731383391,90,0.09,0.0729904664566228,0.1094665731383391,0.0396690647482014
search_JX_minus_OI,centered_signflip_diagnostic,G3_r10,G3,10.0,"[33.0, -66.0, -41.700000524520874]",139,4128.299940347672,0.4,1000,8,133,0.133,0.1125579643868474,0.1556293270471283,134,0.134,0.1134883114542593,0.1566928154672997,0.0432949640287769
search_JX_minus_OI,gaussian,G3_r10,G3,10.0,"[33.0, -66.0, -41.700000524520874]",139,4128.299940347672,0.6,1000,17,335,0.335,0.3057683598902062,0.3652068081502915,335,0.335,0.3057683598902062,0.3652068081502915,0.1654604316546762
search_JX_minus_OI,centered_signflip_diagnostic,G3_r10,G3,10.0,"[33.0, -66.0, -41.700000524520874]",139,4128.299940347672,0.6,1000,8,399,0.399,0.3684846281150394,0.4301118241313489,400,0.4,0.3694689875489123,0.4311215540441066,0.1718848920863309
search_JX_minus_OI,gaussian,G3_r10,G3,10.0,"[33.0, -66.0, -41.700000524520874]",139,4128.299940347672,0.8,1000,17,661,0.661,0.6307197702849165,0.6903287623254493,661,0.661,0.6307197702849165,0.6903287623254493,0.4279424460431655
search_JX_minus_OI,centered_signflip_diagnostic,G3_r10,G3,10.0,"[33.0, -66.0, -41.700000524520874]",139,4128.299940347672,0.8,1000,8,756,0.756,0.728149654013983,0.782334110738454,756,0.756,0.728149654013983,0.782334110738454,0.4373597122302158
search_JX_minus_OI,gaussian,G3_r10,G3,10.0,"[33.0, -66.0, -41.700000524520874]",139,4128.299940347672,1.0,1000,17,910,0.91,0.8905334268616608,0.9270095335433772,910,0.91,0.8905334268616608,0.9270095335433772,0.7279424460431655
search_JX_minus_OI,centered_signflip_diagnostic,G3_r10,G3,10.0,"[33.0, -66.0, -41.700000524520874]",139,4128.299940347672,1.0,1000,8,944,0.944,0.9278922537167472,0.9574244503133827,944,0.944,0.9278922537167472,0.9574244503133827,0.7318273381294964
search_JX_minus_OI,gaussian,G3_r10,G3,10.0,"[33.0, -66.0, -41.700000524520874]",139,4128.299940347672,1.2,1000,17,989,0.989,0.9804033717779836,0.9944964058076864,989,0.989,0.9804033717779836,0.9944964058076864,0.919820143884892
search_JX_minus_OI,centered_signflip_diagnostic,G3_r10,G3,10.0,"[33.0, -66.0, -41.700000524520874]",139,4128.299940347672,1.2,1000,8,995,0.995,0.988370529440188,0.9983745804824372,995,0.995,0.988370529440188,0.9983745804824372,0.920705035971223
search_JX_minus_OI,gaussian,G3_r14,G3,14.0,"[33.0, -66.0, -41.700000524520874]",397,11790.899829626083,0.2,1000,17,22,0.022,0.0138374141720738,0.0331196645149877,23,0.023,0.0146345823251767,0.0343123376128543,0.0050050377833753
search_JX_minus_OI,centered_signflip_diagnostic,G3_r14,G3,14.0,"[33.0, -66.0, -41.700000524520874]",397,11790.899829626083,0.2,1000,8,43,0.043,0.0312911704560926,0.0574862579619723,44,0.044,0.0321494970108714,0.0586204192063309,0.0057732997481108
search_JX_minus_OI,gaussian,G3_r14,G3,14.0,"[33.0, -66.0, -41.700000524520874]",397,11790.899829626083,0.4,1000,17,156,0.156,0.1340491238891087,0.1799971849889863,156,0.156,0.1340491238891087,0.1799971849889863,0.0405113350125944
search_JX_minus_OI,centered_signflip_diagnostic,G3_r14,G3,14.0,"[33.0, -66.0, -41.700000524520874]",397,11790.899829626083,0.4,1000,8,240,0.24,0.2138267744745062,0.267713358347102,240,0.24,0.2138267744745062,0.267713358347102,0.0443576826196473
search_JX_minus_OI,gaussian,G3_r14,G3,14.0,"[33.0, -66.0, -41.700000524520874]",397,11790.899829626083,0.6,1000,17,544,0.544,0.5125392225900189,0.5752010283644174,544,0.544,0.5125392225900189,0.5752010283644174,0.171176322418136
search_JX_minus_OI,centered_signflip_diagnostic,G3_r14,G3,14.0,"[33.0, -66.0, -41.700000524520874]",397,11790.899829626083,0.6,1000,8,690,0.69,0.6603061689626798,0.7185704096369193,690,0.69,0.6603061689626798,0.7185704096369193,0.1792518891687657
search_JX_minus_OI,gaussian,G3_r14,G3,14.0,"[33.0, -66.0, -41.700000524520874]",397,11790.899829626083,0.8,1000,17,903,0.903,0.8829521560197129,0.920635528170636,903,0.903,0.8829521560197129,0.920635528170636,0.4442619647355164
search_JX_minus_OI,centered_signflip_diagnostic,G3_r14,G3,14.0,"[33.0, -66.0, -41.700000524520874]",397,11790.899829626083,0.8,1000,8,971,0.971,0.958615280883598,0.9804940626756152,971,0.971,0.958615280883598,0.9804940626756152,0.4499168765743073
search_JX_minus_OI,gaussian,G3_r14,G3,14.0,"[33.0, -66.0, -41.700000524520874]",397,11790.899829626083,1.0,1000,17,995,0.995,0.988370529440188,0.9983745804824372,995,0.995,0.988370529440188,0.9983745804824372,0.7396372795969773
search_JX_minus_OI,centered_signflip_diagnostic,G3_r14,G3,14.0,"[33.0, -66.0, -41.700000524520874]",397,11790.899829626083,1.0,1000,8,997,0.997,0.9912579767615216,0.9993809000683505,997,0.997,0.9912579767615216,0.9993809000683505,0.7410579345088161
search_JX_minus_OI,gaussian,G3_r14,G3,14.0,"[33.0, -66.0, -41.700000524520874]",397,11790.899829626083,1.2,1000,17,1000,1.0,0.9963179161031344,1.0,1000,1.0,0.9963179161031344,1.0,0.9239521410579346
search_JX_minus_OI,centered_signflip_diagnostic,G3_r14,G3,14.0,"[33.0, -66.0, -41.700000524520874]",397,11790.899829626083,1.2,1000,8,1000,1.0,0.9963179161031344,1.0,1000,1.0,0.9963179161031344,1.0,0.9242115869017632
search_JX_minus_OI,gaussian,G4_r6,G4,6.0,"[33.0, -39.0, 50.69999814033508]",31,920.6999866962434,0.2,1000,17,3,0.003,0.0006190999316495,0.0087420232384783,4,0.004,0.0010909079877259,0.0102096646839298,0.0020967741935483
search_JX_minus_OI,centered_signflip_diagnostic,G4_r6,G4,6.0,"[33.0, -39.0, 50.69999814033508]",31,920.6999866962434,0.2,1000,8,9,0.009,0.0041233956603424,0.0170157830698945,10,0.01,0.0048055106910493,0.0183132430551124,0.0035483870967741
search_JX_minus_OI,gaussian,G4_r6,G4,6.0,"[33.0, -39.0, 50.69999814033508]",31,920.6999866962434,0.4,1000,17,31,0.031,0.0211581719702086,0.0437150850062389,31,0.031,0.0211581719702086,0.0437150850062389,0.0216774193548387
search_JX_minus_OI,centered_signflip_diagnostic,G4_r6,G4,6.0,"[33.0, -39.0, 50.69999814033508]",31,920.6999866962434,0.4,1000,8,61,0.061,0.0469778755410802,0.0776707740491235,61,0.061,0.0469778755410802,0.0776707740491235,0.0323870967741935
search_JX_minus_OI,gaussian,G4_r6,G4,6.0,"[33.0, -39.0, 50.69999814033508]",31,920.6999866962434,0.6,1000,17,158,0.158,0.1359265161849648,0.1821076024878585,158,0.158,0.1359265161849648,0.1821076024878585,0.1282258064516129
search_JX_minus_OI,centered_signflip_diagnostic,G4_r6,G4,6.0,"[33.0, -39.0, 50.69999814033508]",31,920.6999866962434,0.6,1000,8,261,0.261,0.2340163968420651,0.2893984088936515,261,0.261,0.2340163968420651,0.2893984088936515,0.165
search_JX_minus_OI,gaussian,G4_r6,G4,6.0,"[33.0, -39.0, 50.69999814033508]",31,920.6999866962434,0.8,1000,17,459,0.459,0.4277742928195362,0.4904677434996238,459,0.459,0.4277742928195362,0.4904677434996238,0.3981612903225806
search_JX_minus_OI,centered_signflip_diagnostic,G4_r6,G4,6.0,"[33.0, -39.0, 50.69999814033508]",31,920.6999866962434,0.8,1000,8,560,0.56,0.5285954324777438,0.5910503396496163,560,0.56,0.5285954324777438,0.5910503396496163,0.4373548387096774
search_JX_minus_OI,gaussian,G4_r6,G4,6.0,"[33.0, -39.0, 50.69999814033508]",31,920.6999866962434,1.0,1000,17,739,0.739,0.7106015911063485,0.7659836031579349,739,0.739,0.7106015911063485,0.7659836031579349,0.6942903225806452
search_JX_minus_OI,centered_signflip_diagnostic,G4_r6,G4,6.0,"[33.0, -39.0, 50.69999814033508]",31,920.6999866962434,1.0,1000,8,823,0.823,0.7979040786922191,0.8461771732986039,823,0.823,0.7979040786922191,0.8461771732986039,0.726
search_JX_minus_OI,gaussian,G4_r6,G4,6.0,"[33.0, -39.0, 50.69999814033508]",31,920.6999866962434,1.2,1000,17,921,0.921,0.9025129050930988,0.93695879719054,921,0.921,0.9025129050930988,0.93695879719054,0.8966129032258066
search_JX_minus_OI,centered_signflip_diagnostic,G4_r6,G4,6.0,"[33.0, -39.0, 50.69999814033508]",31,920.6999866962434,1.2,1000,8,955,0.955,0.9402471673065922,0.9669903745688512,955,0.955,0.9402471673065922,0.9669903745688512,0.9090645161290324
search_JX_minus_OI,gaussian,G4_r10,G4,10.0,"[33.0, -39.0, 50.69999814033508]",139,4128.299940347672,0.2,1000,17,14,0.014,0.0076745015650207,0.0233781560103145,14,0.014,0.0076745015650207,0.0233781560103145,0.0035179856115107
search_JX_minus_OI,centered_signflip_diagnostic,G4_r10,G4,10.0,"[33.0, -39.0, 50.69999814033508]",139,4128.299940347672,0.2,1000,8,24,0.024,0.0154363832335084,0.0355006385313591,24,0.024,0.0154363832335084,0.0355006385313591,0.0044316546762589
search_JX_minus_OI,gaussian,G4_r10,G4,10.0,"[33.0, -39.0, 50.69999814033508]",139,4128.299940347672,0.4,1000,17,102,0.102,0.0839354600404868,0.122445151065558,102,0.102,0.0839354600404868,0.122445151065558,0.0337625899280575
search_JX_minus_OI,centered_signflip_diagnostic,G4_r10,G4,10.0,"[33.0, -39.0, 50.69999814033508]",139,4128.299940347672,0.4,1000,8,159,0.159,0.1368656923385322,0.1831623348174766,159,0.159,0.1368656923385322,0.1831623348174766,0.038705035971223
search_JX_minus_OI,gaussian,G4_r10,G4,10.0,"[33.0, -39.0, 50.69999814033508]",139,4128.299940347672,0.6,1000,17,376,0.376,0.3458810703459142,0.4068513760241379,376,0.376,0.3458810703459142,0.4068513760241379,0.1650143884892086
search_JX_minus_OI,centered_signflip_diagnostic,G4_r10,G4,10.0,"[33.0, -39.0, 50.69999814033508]",139,4128.299940347672,0.6,1000,8,483,0.483,0.4516172207241167,0.5144831300231298,483,0.483,0.4516172207241167,0.5144831300231298,0.1753956834532374
search_JX_minus_OI,gaussian,G4_r10,G4,10.0,"[33.0, -39.0, 50.69999814033508]",139,4128.299940347672,0.8,1000,17,698,0.698,0.6684906224585541,0.7263384640540053,698,0.698,0.6684906224585541,0.7263384640540053,0.435546762589928
search_JX_minus_OI,centered_signflip_diagnostic,G4_r10,G4,10.0,"[33.0, -39.0, 50.69999814033508]",139,4128.299940347672,0.8,1000,8,809,0.809,0.7832406199865389,0.8329252149458908,809,0.809,0.7832406199865389,0.8329252149458908,0.4471438848920863
search_JX_minus_OI,gaussian,G4_r10,G4,10.0,"[33.0, -39.0, 50.69999814033508]",139,4128.299940347672,1.0,1000,17,931,0.931,0.9134848906542884,0.9459206642067436,931,0.931,0.9134848906542884,0.9459206642067436,0.7353741007194244
search_JX_minus_OI,centered_signflip_diagnostic,G4_r10,G4,10.0,"[33.0, -39.0, 50.69999814033508]",139,4128.299940347672,1.0,1000,8,970,0.97,0.9574485975299708,0.9796695143168904,970,0.97,0.9574485975299708,0.9796695143168904,0.7406258992805755
search_JX_minus_OI,gaussian,G4_r10,G4,10.0,"[33.0, -39.0, 50.69999814033508]",139,4128.299940347672,1.2,1000,17,995,0.995,0.988370529440188,0.9983745804824372,995,0.995,0.988370529440188,0.9983745804824372,0.916136690647482
search_JX_minus_OI,centered_signflip_diagnostic,G4_r10,G4,10.0,"[33.0, -39.0, 50.69999814033508]",139,4128.299940347672,1.2,1000,8,999,0.999,0.9944410757201734,0.9999746825125088,999,0.999,0.9944410757201734,0.9999746825125088,0.9170287769784172
search_JX_minus_OI,gaussian,G4_r14,G4,14.0,"[33.0, -39.0, 50.69999814033508]",397,11790.899829626083,0.2,1000,17,27,0.027,0.0178669059252497,0.0390417468059701,27,0.027,0.0178669059252497,0.0390417468059701,0.0034181360201511
search_JX_minus_OI,centered_signflip_diagnostic,G4_r14,G4,14.0,"[33.0, -39.0, 50.69999814033508]",397,11790.899829626083,0.2,1000,8,51,0.051,0.0382052367746861,0.0665134615949348,51,0.051,0.0382052367746861,0.0665134615949348,0.0042821158690176
search_JX_minus_OI,gaussian,G4_r14,G4,14.0,"[33.0, -39.0, 50.69999814033508]",397,11790.899829626083,0.4,1000,17,199,0.199,0.1746700563321814,0.2251159099630073,199,0.199,0.1746700563321814,0.2251159099630073,0.0356120906801007
search_JX_minus_OI,centered_signflip_diagnostic,G4_r14,G4,14.0,"[33.0, -39.0, 50.69999814033508]",397,11790.899829626083,0.4,1000,8,285,0.285,0.2571886962561167,0.3140832343383535,285,0.285,0.2571886962561167,0.3140832343383535,0.0402342569269521
search_JX_minus_OI,gaussian,G4_r14,G4,14.0,"[33.0, -39.0, 50.69999814033508]",397,11790.899829626083,0.6,1000,17,562,0.562,0.5306047253440982,0.5930292354341888,562,0.562,0.5306047253440982,0.5930292354341888,0.1674307304785894
search_JX_minus_OI,centered_signflip_diagnostic,G4_r14,G4,14.0,"[33.0, -39.0, 50.69999814033508]",397,11790.899829626083,0.6,1000,8,695,0.695,0.6654202687626467,0.7234266304683377,696,0.696,0.6664435613103112,0.7243974007809018,0.1775692695214105
search_JX_minus_OI,gaussian,G4_r14,G4,14.0,"[33.0, -39.0, 50.69999814033508]",397,11790.899829626083,0.8,1000,17,899,0.899,0.8786331764880316,0.9169798860881976,899,0.899,0.8786331764880316,0.9169798860881976,0.4439949622166246
search_JX_minus_OI,centered_signflip_diagnostic,G4_r14,G4,14.0,"[33.0, -39.0, 50.69999814033508]",397,11790.899829626083,0.8,1000,8,952,0.952,0.9368598845984908,0.9643997346571168,952,0.952,0.9368598845984908,0.9643997346571168,0.4519219143576826
search_JX_minus_OI,gaussian,G4_r14,G4,14.0,"[33.0, -39.0, 50.69999814033508]",397,11790.899829626083,1.0,1000,17,995,0.995,0.988370529440188,0.9983745804824372,995,0.995,0.988370529440188,0.9983745804824372,0.7419017632241814
search_JX_minus_OI,centered_signflip_diagnostic,G4_r14,G4,14.0,"[33.0, -39.0, 50.69999814033508]",397,11790.899829626083,1.0,1000,8,999,0.999,0.9944410757201734,0.9999746825125088,999,0.999,0.9944410757201734,0.9999746825125088,0.7443224181360201
search_JX_minus_OI,gaussian,G4_r14,G4,14.0,"[33.0, -39.0, 50.69999814033508]",397,11790.899829626083,1.2,1000,17,1000,1.0,0.9963179161031344,1.0,1000,1.0,0.9963179161031344,1.0,0.9197909319899245
search_JX_minus_OI,centered_signflip_diagnostic,G4_r14,G4,14.0,"[33.0, -39.0, 50.69999814033508]",397,11790.899829626083,1.2,1000,8,1000,1.0,0.9963179161031344,1.0,1000,1.0,0.9963179161031344,1.0,0.920206549118388
pre_CA_minus_JX,gaussian,G1_r6,G1,6.0,"[-54.0, -45.0, 11.099998712539673]",31,920.6999866962434,0.2,1000,30,3,0.003,0.0006190999316495,0.0087420232384783,4,0.004,0.0010909079877259,0.0102096646839298,0.0027096774193548
pre_CA_minus_JX,centered_signflip_diagnostic,G1_r6,G1,6.0,"[-54.0, -45.0, 11.099998712539673]",31,920.6999866962434,0.2,1000,30,3,0.003,0.0006190999316495,0.0087420232384783,4,0.004,0.0010909079877259,0.0102096646839298,0.0027096774193548
pre_CA_minus_JX,gaussian,G1_r6,G1,6.0,"[-54.0, -45.0, 11.099998712539673]",31,920.6999866962434,0.4,1000,30,6,0.006,0.0022049824851513,0.0130134232709744,8,0.008,0.0034599761653293,0.0157020491760746,0.006774193548387
pre_CA_minus_JX,centered_signflip_diagnostic,G1_r6,G1,6.0,"[-54.0, -45.0, 11.099998712539673]",31,920.6999866962434,0.4,1000,30,6,0.006,0.0022049824851513,0.0130134232709744,8,0.008,0.0034599761653293,0.0157020491760746,0.006774193548387
pre_CA_minus_JX,gaussian,G1_r6,G1,6.0,"[-54.0, -45.0, 11.099998712539673]",31,920.6999866962434,0.6,1000,30,34,0.034,0.0236586481075967,0.0471894386157074,34,0.034,0.0236586481075967,0.0471894386157074,0.0331935483870967
pre_CA_minus_JX,centered_signflip_diagnostic,G1_r6,G1,6.0,"[-54.0, -45.0, 11.099998712539673]",31,920.6999866962434,0.6,1000,30,34,0.034,0.0236586481075967,0.0471894386157074,34,0.034,0.0236586481075967,0.0471894386157074,0.0331935483870967
pre_CA_minus_JX,gaussian,G1_r6,G1,6.0,"[-54.0, -45.0, 11.099998712539673]",31,920.6999866962434,0.8,1000,30,162,0.162,0.1396851115845779,0.1863246549247689,162,0.162,0.1396851115845779,0.1863246549247689,0.1604193548387096
pre_CA_minus_JX,centered_signflip_diagnostic,G1_r6,G1,6.0,"[-54.0, -45.0, 11.099998712539673]",31,920.6999866962434,0.8,1000,30,162,0.162,0.1396851115845779,0.1863246549247689,162,0.162,0.1396851115845779,0.1863246549247689,0.1604193548387096
pre_CA_minus_JX,gaussian,G1_r6,G1,6.0,"[-54.0, -45.0, 11.099998712539673]",31,920.6999866962434,1.0,1000,30,455,0.455,0.4238074480790774,0.4864582053371713,455,0.455,0.4238074480790774,0.4864582053371713,0.4522258064516129
pre_CA_minus_JX,centered_signflip_diagnostic,G1_r6,G1,6.0,"[-54.0, -45.0, 11.099998712539673]",31,920.6999866962434,1.0,1000,30,455,0.455,0.4238074480790774,0.4864582053371713,455,0.455,0.4238074480790774,0.4864582053371713,0.4522258064516129
pre_CA_minus_JX,gaussian,G1_r6,G1,6.0,"[-54.0, -45.0, 11.099998712539673]",31,920.6999866962434,1.2,1000,30,738,0.738,0.7095710241553304,0.765020130244701,738,0.738,0.7095710241553304,0.765020130244701,0.7360322580645161
pre_CA_minus_JX,centered_signflip_diagnostic,G1_r6,G1,6.0,"[-54.0, -45.0, 11.099998712539673]",31,920.6999866962434,1.2,1000,30,738,0.738,0.7095710241553304,0.765020130244701,738,0.738,0.7095710241553304,0.765020130244701,0.7360322580645161
pre_CA_minus_JX,gaussian,G1_r10,G1,10.0,"[-54.0, -45.0, 11.099998712539673]",139,4128.299940347672,0.2,1000,30,11,0.011,0.0055035941923135,0.0195966282220165,13,0.013,0.0069396175028514,0.0221278036367784,0.0039064748201438
pre_CA_minus_JX,centered_signflip_diagnostic,G1_r10,G1,10.0,"[-54.0, -45.0, 11.099998712539673]",139,4128.299940347672,0.2,1000,30,11,0.011,0.0055035941923135,0.0195966282220165,13,0.013,0.0069396175028514,0.0221278036367784,0.0039064748201438
pre_CA_minus_JX,gaussian,G1_r10,G1,10.0,"[-54.0, -45.0, 11.099998712539673]",139,4128.299940347672,0.4,1000,30,102,0.102,0.0839354600404868,0.122445151065558,103,0.103,0.0848513653499175,0.1235229264014257,0.0420575539568345
pre_CA_minus_JX,centered_signflip_diagnostic,G1_r10,G1,10.0,"[-54.0, -45.0, 11.099998712539673]",139,4128.299940347672,0.4,1000,30,102,0.102,0.0839354600404868,0.122445151065558,103,0.103,0.0848513653499175,0.1235229264014257,0.0420575539568345
pre_CA_minus_JX,gaussian,G1_r10,G1,10.0,"[-54.0, -45.0, 11.099998712539673]",139,4128.299940347672,0.6,1000,30,325,0.325,0.2960215110613164,0.3550129314374298,325,0.325,0.2960215110613164,0.3550129314374298,0.1699280575539568
pre_CA_minus_JX,centered_signflip_diagnostic,G1_r10,G1,10.0,"[-54.0, -45.0, 11.099998712539673]",139,4128.299940347672,0.6,1000,30,325,0.325,0.2960215110613164,0.3550129314374298,325,0.325,0.2960215110613164,0.3550129314374298,0.1699280575539568
pre_CA_minus_JX,gaussian,G1_r10,G1,10.0,"[-54.0, -45.0, 11.099998712539673]",139,4128.299940347672,0.8,1000,30,655,0.655,0.6246139976951356,0.6844700767243277,655,0.655,0.6246139976951356,0.6844700767243277,0.426841726618705
pre_CA_minus_JX,centered_signflip_diagnostic,G1_r10,G1,10.0,"[-54.0, -45.0, 11.099998712539673]",139,4128.299940347672,0.8,1000,30,655,0.655,0.6246139976951356,0.6844700767243277,655,0.655,0.6246139976951356,0.6844700767243277,0.426841726618705
pre_CA_minus_JX,gaussian,G1_r10,G1,10.0,"[-54.0, -45.0, 11.099998712539673]",139,4128.299940347672,1.0,1000,30,911,0.911,0.8916189999399975,0.92791753546024,911,0.911,0.8916189999399975,0.92791753546024,0.7268057553956834
pre_CA_minus_JX,centered_signflip_diagnostic,G1_r10,G1,10.0,"[-54.0, -45.0, 11.099998712539673]",139,4128.299940347672,1.0,1000,30,911,0.911,0.8916189999399975,0.92791753546024,911,0.911,0.8916189999399975,0.92791753546024,0.7268057553956834
pre_CA_minus_JX,gaussian,G1_r10,G1,10.0,"[-54.0, -45.0, 11.099998712539673]",139,4128.299940347672,1.2,1000,30,989,0.989,0.9804033717779836,0.9944964058076864,989,0.989,0.9804033717779836,0.9944964058076864,0.9081510791366908
pre_CA_minus_JX,centered_signflip_diagnostic,G1_r10,G1,10.0,"[-54.0, -45.0, 11.099998712539673]",139,4128.299940347672,1.2,1000,30,989,0.989,0.9804033717779836,0.9944964058076864,989,0.989,0.9804033717779836,0.9944964058076864,0.9081510791366908
pre_CA_minus_JX,gaussian,G1_r14,G1,14.0,"[-54.0, -45.0, 11.099998712539673]",397,11790.899829626083,0.2,1000,30,30,0.03,0.0203304856831096,0.042551402470029,34,0.034,0.0236586481075967,0.0471894386157074,0.0054559193954659
pre_CA_minus_JX,centered_signflip_diagnostic,G1_r14,G1,14.0,"[-54.0, -45.0, 11.099998712539673]",397,11790.899829626083,0.2,1000,30,30,0.03,0.0203304856831096,0.042551402470029,34,0.034,0.0236586481075967,0.0471894386157074,0.0054559193954659
pre_CA_minus_JX,gaussian,G1_r14,G1,14.0,"[-54.0, -45.0, 11.099998712539673]",397,11790.899829626083,0.4,1000,30,173,0.173,0.1500463682386287,0.1978966080927047,174,0.174,0.1509900584760255,0.1989468579930365,0.042624685138539
pre_CA_minus_JX,centered_signflip_diagnostic,G1_r14,G1,14.0,"[-54.0, -45.0, 11.099998712539673]",397,11790.899829626083,0.4,1000,30,173,0.173,0.1500463682386287,0.1978966080927047,174,0.174,0.1509900584760255,0.1989468579930365,0.042624685138539
pre_CA_minus_JX,gaussian,G1_r14,G1,14.0,"[-54.0, -45.0, 11.099998712539673]",397,11790.899829626083,0.6,1000,30,506,0.506,0.4745336899550864,0.5374308925028028,506,0.506,0.4745336899550864,0.5374308925028028,0.1768816120906801
pre_CA_minus_JX,centered_signflip_diagnostic,G1_r14,G1,14.0,"[-54.0, -45.0, 11.099998712539673]",397,11790.899829626083,0.6,1000,30,506,0.506,0.4745336899550864,0.5374308925028028,506,0.506,0.4745336899550864,0.5374308925028028,0.1768816120906801
pre_CA_minus_JX,gaussian,G1_r14,G1,14.0,"[-54.0, -45.0, 11.099998712539673]",397,11790.899829626083,0.8,1000,30,861,0.861,0.8379954961445099,0.881854147235034,861,0.861,0.8379954961445099,0.881854147235034,0.4484735516372796
pre_CA_minus_JX,centered_signflip_diagnostic,G1_r14,G1,14.0,"[-54.0, -45.0, 11.099998712539673]",397,11790.899829626083,0.8,1000,30,861,0.861,0.8379954961445099,0.881854147235034,861,0.861,0.8379954961445099,0.881854147235034,0.4484735516372796
pre_CA_minus_JX,gaussian,G1_r14,G1,14.0,"[-54.0, -45.0, 11.099998712539673]",397,11790.899829626083,1.0,1000,30,990,0.99,0.9816867569448876,0.9951944893089508,990,0.99,0.9816867569448876,0.9951944893089508,0.7368060453400503
pre_CA_minus_JX,centered_signflip_diagnostic,G1_r14,G1,14.0,"[-54.0, -45.0, 11.099998712539673]",397,11790.899829626083,1.0,1000,30,990,0.99,0.9816867569448876,0.9951944893089508,990,0.99,0.9816867569448876,0.9951944893089508,0.7368060453400503
pre_CA_minus_JX,gaussian,G1_r14,G1,14.0,"[-54.0, -45.0, 11.099998712539673]",397,11790.899829626083,1.2,1000,30,1000,1.0,0.9963179161031344,1.0,1000,1.0,0.9963179161031344,1.0,0.9141133501259446
pre_CA_minus_JX,centered_signflip_diagnostic,G1_r14,G1,14.0,"[-54.0, -45.0, 11.099998712539673]",397,11790.899829626083,1.2,1000,30,1000,1.0,0.9963179161031344,1.0,1000,1.0,0.9963179161031344,1.0,0.9141133501259446
pre_CA_minus_JX,gaussian,G2_r6,G2,6.0,"[36.0, 45.0, 7.799998760223389]",31,920.6999866962434,0.2,1000,30,0,0.0,0.0,0.0036820838968656,2,0.002,0.0002423011168772,0.0072058389114574,0.0006774193548387
pre_CA_minus_JX,centered_signflip_diagnostic,G2_r6,G2,6.0,"[36.0, 45.0, 7.799998760223389]",31,920.6999866962434,0.2,1000,30,0,0.0,0.0,0.0036820838968656,2,0.002,0.0002423011168772,0.0072058389114574,0.0006774193548387
pre_CA_minus_JX,gaussian,G2_r6,G2,6.0,"[36.0, 45.0, 7.799998760223389]",31,920.6999866962434,0.4,1000,30,8,0.008,0.0034599761653293,0.0157020491760746,9,0.009,0.0041233956603424,0.0170157830698945,0.0081290322580645
pre_CA_minus_JX,centered_signflip_diagnostic,G2_r6,G2,6.0,"[36.0, 45.0, 7.799998760223389]",31,920.6999866962434,0.4,1000,30,8,0.008,0.0034599761653293,0.0157020491760746,9,0.009,0.0041233956603424,0.0170157830698945,0.0081290322580645
pre_CA_minus_JX,gaussian,G2_r6,G2,6.0,"[36.0, 45.0, 7.799998760223389]",31,920.6999866962434,0.6,1000,30,31,0.031,0.0211581719702086,0.0437150850062389,32,0.032,0.0219888496056424,0.0448759028350092,0.0315483870967741
pre_CA_minus_JX,centered_signflip_diagnostic,G2_r6,G2,6.0,"[36.0, 45.0, 7.799998760223389]",31,920.6999866962434,0.6,1000,30,31,0.031,0.0211581719702086,0.0437150850062389,32,0.032,0.0219888496056424,0.0448759028350092,0.0315483870967741
pre_CA_minus_JX,gaussian,G2_r6,G2,6.0,"[36.0, 45.0, 7.799998760223389]",31,920.6999866962434,0.8,1000,30,162,0.162,0.1396851115845779,0.1863246549247689,162,0.162,0.1396851115845779,0.1863246549247689,0.1608387096774193
pre_CA_minus_JX,centered_signflip_diagnostic,G2_r6,G2,6.0,"[36.0, 45.0, 7.799998760223389]",31,920.6999866962434,0.8,1000,30,162,0.162,0.1396851115845779,0.1863246549247689,162,0.162,0.1396851115845779,0.1863246549247689,0.1608387096774193
pre_CA_minus_JX,gaussian,G2_r6,G2,6.0,"[36.0, 45.0, 7.799998760223389]",31,920.6999866962434,1.0,1000,30,426,0.426,0.3951080526222896,0.4573288630343597,426,0.426,0.3951080526222896,0.4573288630343597,0.4234838709677419
pre_CA_minus_JX,centered_signflip_diagnostic,G2_r6,G2,6.0,"[36.0, 45.0, 7.799998760223389]",31,920.6999866962434,1.0,1000,30,426,0.426,0.3951080526222896,0.4573288630343597,426,0.426,0.3951080526222896,0.4573288630343597,0.4234838709677419
pre_CA_minus_JX,gaussian,G2_r6,G2,6.0,"[36.0, 45.0, 7.799998760223389]",31,920.6999866962434,1.2,1000,30,755,0.755,0.7271158955377268,0.7813738416061395,755,0.755,0.7271158955377268,0.7813738416061395,0.753225806451613
pre_CA_minus_JX,centered_signflip_diagnostic,G2_r6,G2,6.0,"[36.0, 45.0, 7.799998760223389]",31,920.6999866962434,1.2,1000,30,755,0.755,0.7271158955377268,0.7813738416061395,755,0.755,0.7271158955377268,0.7813738416061395,0.753225806451613
pre_CA_minus_JX,gaussian,G2_r10,G2,10.0,"[36.0, 45.0, 7.799998760223389]",139,4128.299940347672,0.2,1000,30,13,0.013,0.0069396175028514,0.0221278036367784,14,0.014,0.0076745015650207,0.0233781560103145,0.0043525179856115
pre_CA_minus_JX,centered_signflip_diagnostic,G2_r10,G2,10.0,"[36.0, 45.0, 7.799998760223389]",139,4128.299940347672,0.2,1000,30,13,0.013,0.0069396175028514,0.0221278036367784,14,0.014,0.0076745015650207,0.0233781560103145,0.0043525179856115
pre_CA_minus_JX,gaussian,G2_r10,G2,10.0,"[36.0, 45.0, 7.799998760223389]",139,4128.299940347672,0.4,1000,30,79,0.079,0.0630412028094598,0.0974870949069011,80,0.08,0.0639419828466733,0.0985797790479021,0.0337338129496402
pre_CA_minus_JX,centered_signflip_diagnostic,G2_r10,G2,10.0,"[36.0, 45.0, 7.799998760223389]",139,4128.299940347672,0.4,1000,30,79,0.079,0.0630412028094598,0.0974870949069011,80,0.08,0.0639419828466733,0.0985797790479021,0.0337338129496402
pre_CA_minus_JX,gaussian,G2_r10,G2,10.0,"[36.0, 45.0, 7.799998760223389]",139,4128.299940347672,0.6,1000,30,309,0.309,0.2804580317273357,0.3386713247162876,309,0.309,0.2804580317273357,0.3386713247162876,0.1540071942446043
pre_CA_minus_JX,centered_signflip_diagnostic,G2_r10,G2,10.0,"[36.0, 45.0, 7.799998760223389]",139,4128.299940347672,0.6,1000,30,309,0.309,0.2804580317273357,0.3386713247162876,309,0.309,0.2804580317273357,0.3386713247162876,0.1540071942446043
pre_CA_minus_JX,gaussian,G2_r10,G2,10.0,"[36.0, 45.0, 7.799998760223389]",139,4128.299940347672,0.8,1000,30,684,0.684,0.6541743923933121,0.712737788048678,684,0.684,0.6541743923933121,0.712737788048678,0.4200287769784173
pre_CA_minus_JX,centered_signflip_diagnostic,G2_r10,G2,10.0,"[36.0, 45.0, 7.799998760223389]",139,4128.299940347672,0.8,1000,30,684,0.684,0.6541743923933121,0.712737788048678,684,0.684,0.6541743923933121,0.712737788048678,0.4200287769784173
pre_CA_minus_JX,gaussian,G2_r10,G2,10.0,"[36.0, 45.0, 7.799998760223389]",139,4128.299940347672,1.0,1000,30,932,0.932,0.914586949808569,0.946811900239598,932,0.932,0.914586949808569,0.946811900239598,0.7296978417266187
pre_CA_minus_JX,centered_signflip_diagnostic,G2_r10,G2,10.0,"[36.0, 45.0, 7.799998760223389]",139,4128.299940347672,1.0,1000,30,932,0.932,0.914586949808569,0.946811900239598,932,0.932,0.914586949808569,0.946811900239598,0.7296978417266187
pre_CA_minus_JX,gaussian,G2_r10,G2,10.0,"[36.0, 45.0, 7.799998760223389]",139,4128.299940347672,1.2,1000,30,989,0.989,0.9804033717779836,0.9944964058076864,989,0.989,0.9804033717779836,0.9944964058076864,0.9155107913669064
pre_CA_minus_JX,centered_signflip_diagnostic,G2_r10,G2,10.0,"[36.0, 45.0, 7.799998760223389]",139,4128.299940347672,1.2,1000,30,989,0.989,0.9804033717779836,0.9944964058076864,989,0.989,0.9804033717779836,0.9944964058076864,0.9155107913669064
pre_CA_minus_JX,gaussian,G2_r14,G2,14.0,"[36.0, 45.0, 7.799998760223389]",397,11790.899829626083,0.2,1000,30,25,0.025,0.0162425356968822,0.036684823051923,28,0.028,0.0186846861955375,0.0402148873738433,0.0037884130982367
pre_CA_minus_JX,centered_signflip_diagnostic,G2_r14,G2,14.0,"[36.0, 45.0, 7.799998760223389]",397,11790.899829626083,0.2,1000,30,25,0.025,0.0162425356968822,0.036684823051923,28,0.028,0.0186846861955375,0.0402148873738433,0.0037884130982367
pre_CA_minus_JX,gaussian,G2_r14,G2,14.0,"[36.0, 45.0, 7.799998760223389]",397,11790.899829626083,0.4,1000,30,165,0.165,0.1425073176055225,0.1894842083797089,165,0.165,0.1425073176055225,0.1894842083797089,0.0357758186397984
pre_CA_minus_JX,centered_signflip_diagnostic,G2_r14,G2,14.0,"[36.0, 45.0, 7.799998760223389]",397,11790.899829626083,0.4,1000,30,165,0.165,0.1425073176055225,0.1894842083797089,165,0.165,0.1425073176055225,0.1894842083797089,0.0357758186397984
pre_CA_minus_JX,gaussian,G2_r14,G2,14.0,"[36.0, 45.0, 7.799998760223389]",397,11790.899829626083,0.6,1000,30,549,0.549,0.5175533349524326,0.5801573934646365,549,0.549,0.5175533349524326,0.5801573934646365,0.1665541561712846
pre_CA_minus_JX,centered_signflip_diagnostic,G2_r14,G2,14.0,"[36.0, 45.0, 7.799998760223389]",397,11790.899829626083,0.6,1000,30,549,0.549,0.5175533349524326,0.5801573934646365,549,0.549,0.5175533349524326,0.5801573934646365,0.1665541561712846
pre_CA_minus_JX,gaussian,G2_r14,G2,14.0,"[36.0, 45.0, 7.799998760223389]",397,11790.899829626083,0.8,1000,30,911,0.911,0.8916189999399975,0.92791753546024,911,0.911,0.8916189999399975,0.92791753546024,0.4404508816120907
pre_CA_minus_JX,centered_signflip_diagnostic,G2_r14,G2,14.0,"[36.0, 45.0, 7.799998760223389]",397,11790.899829626083,0.8,1000,30,911,0.911,0.8916189999399975,0.92791753546024,911,0.911,0.8916189999399975,0.92791753546024,0.4404508816120907
pre_CA_minus_JX,gaussian,G2_r14,G2,14.0,"[36.0, 45.0, 7.799998760223389]",397,11790.899829626083,1.0,1000,30,995,0.995,0.988370529440188,0.9983745804824372,995,0.995,0.988370529440188,0.9983745804824372,0.7393551637279597
pre_CA_minus_JX,centered_signflip_diagnostic,G2_r14,G2,14.0,"[36.0, 45.0, 7.799998760223389]",397,11790.899829626083,1.0,1000,30,995,0.995,0.988370529440188,0.9983745804824372,995,0.995,0.988370529440188,0.9983745804824372,0.7393551637279597
pre_CA_minus_JX,gaussian,G2_r14,G2,14.0,"[36.0, 45.0, 7.799998760223389]",397,11790.899829626083,1.2,1000,30,1000,1.0,0.9963179161031344,1.0,1000,1.0,0.9963179161031344,1.0,0.919712846347607
pre_CA_minus_JX,centered_signflip_diagnostic,G2_r14,G2,14.0,"[36.0, 45.0, 7.799998760223389]",397,11790.899829626083,1.2,1000,30,1000,1.0,0.9963179161031344,1.0,1000,1.0,0.9963179161031344,1.0,0.919712846347607
pre_CA_minus_JX,gaussian,G3_r6,G3,6.0,"[33.0, -66.0, -41.700000524520874]",31,920.6999866962434,0.2,1000,30,0,0.0,0.0,0.0036820838968656,3,0.003,0.0006190999316495,0.0087420232384783,0.0014838709677419
pre_CA_minus_JX,centered_signflip_diagnostic,G3_r6,G3,6.0,"[33.0, -66.0, -41.700000524520874]",31,920.6999866962434,0.2,1000,30,0,0.0,0.0,0.0036820838968656,3,0.003,0.0006190999316495,0.0087420232384783,0.0014838709677419
pre_CA_minus_JX,gaussian,G3_r6,G3,6.0,"[33.0, -66.0, -41.700000524520874]",31,920.6999866962434,0.4,1000,30,10,0.01,0.0048055106910493,0.0183132430551124,11,0.011,0.0055035941923135,0.0195966282220165,0.0090322580645161
pre_CA_minus_JX,centered_signflip_diagnostic,G3_r6,G3,6.0,"[33.0, -66.0, -41.700000524520874]",31,920.6999866962434,0.4,1000,30,10,0.01,0.0048055106910493,0.0183132430551124,11,0.011,0.0055035941923135,0.0195966282220165,0.0090322580645161
pre_CA_minus_JX,gaussian,G3_r6,G3,6.0,"[33.0, -66.0, -41.700000524520874]",31,920.6999866962434,0.6,1000,30,56,0.056,0.0425755496866171,0.0721077462832527,56,0.056,0.0425755496866171,0.0721077462832527,0.054516129032258
pre_CA_minus_JX,centered_signflip_diagnostic,G3_r6,G3,6.0,"[33.0, -66.0, -41.700000524520874]",31,920.6999866962434,0.6,1000,30,56,0.056,0.0425755496866171,0.0721077462832527,56,0.056,0.0425755496866171,0.0721077462832527,0.054516129032258
pre_CA_minus_JX,gaussian,G3_r6,G3,6.0,"[33.0, -66.0, -41.700000524520874]",31,920.6999866962434,0.8,1000,30,178,0.178,0.1547676422959431,0.2031450531822376,178,0.178,0.1547676422959431,0.2031450531822376,0.1765483870967742
pre_CA_minus_JX,centered_signflip_diagnostic,G3_r6,G3,6.0,"[33.0, -66.0, -41.700000524520874]",31,920.6999866962434,0.8,1000,30,178,0.178,0.1547676422959431,0.2031450531822376,178,0.178,0.1547676422959431,0.2031450531822376,0.1765483870967742
pre_CA_minus_JX,gaussian,G3_r6,G3,6.0,"[33.0, -66.0, -41.700000524520874]",31,920.6999866962434,1.0,1000,30,457,0.457,0.4257906203218765,0.4884632244183035,457,0.457,0.4257906203218765,0.4884632244183035,0.4546774193548387
pre_CA_minus_JX,centered_signflip_diagnostic,G3_r6,G3,6.0,"[33.0, -66.0, -41.700000524520874]",31,920.6999866962434,1.0,1000,30,457,0.457,0.4257906203218765,0.4884632244183035,457,0.457,0.4257906203218765,0.4884632244183035,0.4546774193548387
pre_CA_minus_JX,gaussian,G3_r6,G3,6.0,"[33.0, -66.0, -41.700000524520874]",31,920.6999866962434,1.2,1000,30,775,0.775,0.7478289998350562,0.8005411285488702,775,0.775,0.7478289998350562,0.8005411285488702,0.7725806451612903
pre_CA_minus_JX,centered_signflip_diagnostic,G3_r6,G3,6.0,"[33.0, -66.0, -41.700000524520874]",31,920.6999866962434,1.2,1000,30,775,0.775,0.7478289998350562,0.8005411285488702,775,0.775,0.7478289998350562,0.8005411285488702,0.7725806451612903
pre_CA_minus_JX,gaussian,G3_r10,G3,10.0,"[33.0, -66.0, -41.700000524520874]",139,4128.299940347672,0.2,1000,30,11,0.011,0.0055035941923135,0.0195966282220165,15,0.015,0.0084190497500343,0.0246197000970411,0.0042374100719424
pre_CA_minus_JX,centered_signflip_diagnostic,G3_r10,G3,10.0,"[33.0, -66.0, -41.700000524520874]",139,4128.299940347672,0.2,1000,30,11,0.011,0.0055035941923135,0.0195966282220165,15,0.015,0.0084190497500343,0.0246197000970411,0.0042374100719424
pre_CA_minus_JX,gaussian,G3_r10,G3,10.0,"[33.0, -66.0, -41.700000524520874]",139,4128.299940347672,0.4,1000,30,90,0.09,0.0729904664566228,0.1094665731383391,91,0.091,0.0738991299424797,0.1105514941018692,0.0402589928057553
pre_CA_minus_JX,centered_signflip_diagnostic,G3_r10,G3,10.0,"[33.0, -66.0, -41.700000524520874]",139,4128.299940347672,0.4,1000,30,90,0.09,0.0729904664566228,0.1094665731383391,91,0.091,0.0738991299424797,0.1105514941018692,0.0402589928057553
pre_CA_minus_JX,gaussian,G3_r10,G3,10.0,"[33.0, -66.0, -41.700000524520874]",139,4128.299940347672,0.6,1000,30,322,0.322,0.2931003763420352,0.3519518552133706,322,0.322,0.2931003763420352,0.3519518552133706,0.1644532374100719
pre_CA_minus_JX,centered_signflip_diagnostic,G3_r10,G3,10.0,"[33.0, -66.0, -41.700000524520874]",139,4128.299940347672,0.6,1000,30,322,0.322,0.2931003763420352,0.3519518552133706,322,0.322,0.2931003763420352,0.3519518552133706,0.1644532374100719
pre_CA_minus_JX,gaussian,G3_r10,G3,10.0,"[33.0, -66.0, -41.700000524520874]",139,4128.299940347672,0.8,1000,30,661,0.661,0.6307197702849165,0.6903287623254493,661,0.661,0.6307197702849165,0.6903287623254493,0.4246402877697842
pre_CA_minus_JX,centered_signflip_diagnostic,G3_r10,G3,10.0,"[33.0, -66.0, -41.700000524520874]",139,4128.299940347672,0.8,1000,30,661,0.661,0.6307197702849165,0.6903287623254493,661,0.661,0.6307197702849165,0.6903287623254493,0.4246402877697842
pre_CA_minus_JX,gaussian,G3_r10,G3,10.0,"[33.0, -66.0, -41.700000524520874]",139,4128.299940347672,1.0,1000,30,911,0.911,0.8916189999399975,0.92791753546024,911,0.911,0.8916189999399975,0.92791753546024,0.7281438848920864
pre_CA_minus_JX,centered_signflip_diagnostic,G3_r10,G3,10.0,"[33.0, -66.0, -41.700000524520874]",139,4128.299940347672,1.0,1000,30,911,0.911,0.8916189999399975,0.92791753546024,911,0.911,0.8916189999399975,0.92791753546024,0.7281438848920864
pre_CA_minus_JX,gaussian,G3_r10,G3,10.0,"[33.0, -66.0, -41.700000524520874]",139,4128.299940347672,1.2,1000,30,989,0.989,0.9804033717779836,0.9944964058076864,989,0.989,0.9804033717779836,0.9944964058076864,0.9119496402877696
pre_CA_minus_JX,centered_signflip_diagnostic,G3_r10,G3,10.0,"[33.0, -66.0, -41.700000524520874]",139,4128.299940347672,1.2,1000,30,989,0.989,0.9804033717779836,0.9944964058076864,989,0.989,0.9804033717779836,0.9944964058076864,0.9119496402877696
pre_CA_minus_JX,gaussian,G3_r14,G3,14.0,"[33.0, -66.0, -41.700000524520874]",397,11790.899829626083,0.2,1000,30,33,0.033,0.0228223833494595,0.0460339818170231,36,0.036,0.0253389149298377,0.0494929117180123,0.005712846347607
pre_CA_minus_JX,centered_signflip_diagnostic,G3_r14,G3,14.0,"[33.0, -66.0, -41.700000524520874]",397,11790.899829626083,0.2,1000,30,33,0.033,0.0228223833494595,0.0460339818170231,36,0.036,0.0253389149298377,0.0494929117180123,0.005712846347607
pre_CA_minus_JX,gaussian,G3_r14,G3,14.0,"[33.0, -66.0, -41.700000524520874]",397,11790.899829626083,0.4,1000,30,165,0.165,0.1425073176055225,0.1894842083797089,165,0.165,0.1425073176055225,0.1894842083797089,0.0436020151133501
pre_CA_minus_JX,centered_signflip_diagnostic,G3_r14,G3,14.0,"[33.0, -66.0, -41.700000524520874]",397,11790.899829626083,0.4,1000,30,165,0.165,0.1425073176055225,0.1894842083797089,165,0.165,0.1425073176055225,0.1894842083797089,0.0436020151133501
pre_CA_minus_JX,gaussian,G3_r14,G3,14.0,"[33.0, -66.0, -41.700000524520874]",397,11790.899829626083,0.6,1000,30,486,0.486,0.4546026136425797,0.5174800278329169,486,0.486,0.4546026136425797,0.5174800278329169,0.1744206549118388
pre_CA_minus_JX,centered_signflip_diagnostic,G3_r14,G3,14.0,"[33.0, -66.0, -41.700000524520874]",397,11790.899829626083,0.6,1000,30,486,0.486,0.4546026136425797,0.5174800278329169,486,0.486,0.4546026136425797,0.5174800278329169,0.1744206549118388
pre_CA_minus_JX,gaussian,G3_r14,G3,14.0,"[33.0, -66.0, -41.700000524520874]",397,11790.899829626083,0.8,1000,30,863,0.863,0.8401190348945825,0.8837183105663188,863,0.863,0.8401190348945825,0.8837183105663188,0.4459219143576826
pre_CA_minus_JX,centered_signflip_diagnostic,G3_r14,G3,14.0,"[33.0, -66.0, -41.700000524520874]",397,11790.899829626083,0.8,1000,30,863,0.863,0.8401190348945825,0.8837183105663188,863,0.863,0.8401190348945825,0.8837183105663188,0.4459219143576826
pre_CA_minus_JX,gaussian,G3_r14,G3,14.0,"[33.0, -66.0, -41.700000524520874]",397,11790.899829626083,1.0,1000,30,989,0.989,0.9804033717779836,0.9944964058076864,989,0.989,0.9804033717779836,0.9944964058076864,0.739808564231738
pre_CA_minus_JX,centered_signflip_diagnostic,G3_r14,G3,14.0,"[33.0, -66.0, -41.700000524520874]",397,11790.899829626083,1.0,1000,30,989,0.989,0.9804033717779836,0.9944964058076864,989,0.989,0.9804033717779836,0.9944964058076864,0.739808564231738
pre_CA_minus_JX,gaussian,G3_r14,G3,14.0,"[33.0, -66.0, -41.700000524520874]",397,11790.899829626083,1.2,1000,30,1000,1.0,0.9963179161031344,1.0,1000,1.0,0.9963179161031344,1.0,0.9174584382871536
pre_CA_minus_JX,centered_signflip_diagnostic,G3_r14,G3,14.0,"[33.0, -66.0, -41.700000524520874]",397,11790.899829626083,1.2,1000,30,1000,1.0,0.9963179161031344,1.0,1000,1.0,0.9963179161031344,1.0,0.9174584382871536
pre_CA_minus_JX,gaussian,G4_r6,G4,6.0,"[33.0, -39.0, 50.69999814033508]",31,920.6999866962434,0.2,1000,30,1,0.001,2.5317487491294045e-05,0.0055589242798266,1,0.001,2.5317487491294045e-05,0.0055589242798266,0.000516129032258
pre_CA_minus_JX,centered_signflip_diagnostic,G4_r6,G4,6.0,"[33.0, -39.0, 50.69999814033508]",31,920.6999866962434,0.2,1000,30,1,0.001,2.5317487491294045e-05,0.0055589242798266,1,0.001,2.5317487491294045e-05,0.0055589242798266,0.000516129032258
pre_CA_minus_JX,gaussian,G4_r6,G4,6.0,"[33.0, -39.0, 50.69999814033508]",31,920.6999866962434,0.4,1000,30,4,0.004,0.0010909079877259,0.0102096646839298,4,0.004,0.0010909079877259,0.0102096646839298,0.003774193548387
pre_CA_minus_JX,centered_signflip_diagnostic,G4_r6,G4,6.0,"[33.0, -39.0, 50.69999814033508]",31,920.6999866962434,0.4,1000,30,4,0.004,0.0010909079877259,0.0102096646839298,4,0.004,0.0010909079877259,0.0102096646839298,0.003774193548387
pre_CA_minus_JX,gaussian,G4_r6,G4,6.0,"[33.0, -39.0, 50.69999814033508]",31,920.6999866962434,0.6,1000,30,21,0.021,0.0130451922903876,0.0319223351804155,21,0.021,0.0130451922903876,0.0319223351804155,0.0201612903225806
pre_CA_minus_JX,centered_signflip_diagnostic,G4_r6,G4,6.0,"[33.0, -39.0, 50.69999814033508]",31,920.6999866962434,0.6,1000,30,21,0.021,0.0130451922903876,0.0319223351804155,21,0.021,0.0130451922903876,0.0319223351804155,0.0201612903225806
pre_CA_minus_JX,gaussian,G4_r6,G4,6.0,"[33.0, -39.0, 50.69999814033508]",31,920.6999866962434,0.8,1000,30,90,0.09,0.0729904664566228,0.1094665731383391,90,0.09,0.0729904664566228,0.1094665731383391,0.0887419354838709
pre_CA_minus_JX,centered_signflip_diagnostic,G4_r6,G4,6.0,"[33.0, -39.0, 50.69999814033508]",31,920.6999866962434,0.8,1000,30,90,0.09,0.0729904664566228,0.1094665731383391,90,0.09,0.0729904664566228,0.1094665731383391,0.0887419354838709
pre_CA_minus_JX,gaussian,G4_r6,G4,6.0,"[33.0, -39.0, 50.69999814033508]",31,920.6999866962434,1.0,1000,30,378,0.378,0.3478437748469206,0.4088768418902043,378,0.378,0.3478437748469206,0.4088768418902043,0.3747741935483871
pre_CA_minus_JX,centered_signflip_diagnostic,G4_r6,G4,6.0,"[33.0, -39.0, 50.69999814033508]",31,920.6999866962434,1.0,1000,30,378,0.378,0.3478437748469206,0.4088768418902043,378,0.378,0.3478437748469206,0.4088768418902043,0.3747741935483871
pre_CA_minus_JX,gaussian,G4_r6,G4,6.0,"[33.0, -39.0, 50.69999814033508]",31,920.6999866962434,1.2,1000,30,711,0.711,0.6818122287728849,0.7389396219867512,711,0.711,0.6818122287728849,0.7389396219867512,0.7083548387096774
pre_CA_minus_JX,centered_signflip_diagnostic,G4_r6,G4,6.0,"[33.0, -39.0, 50.69999814033508]",31,920.6999866962434,1.2,1000,30,711,0.711,0.6818122287728849,0.7389396219867512,711,0.711,0.6818122287728849,0.7389396219867512,0.7083548387096774
pre_CA_minus_JX,gaussian,G4_r10,G4,10.0,"[33.0, -39.0, 50.69999814033508]",139,4128.299940347672,0.2,1000,30,10,0.01,0.0048055106910493,0.0183132430551124,11,0.011,0.0055035941923135,0.0195966282220165,0.0029280575539568
pre_CA_minus_JX,centered_signflip_diagnostic,G4_r10,G4,10.0,"[33.0, -39.0, 50.69999814033508]",139,4128.299940347672,0.2,1000,30,10,0.01,0.0048055106910493,0.0183132430551124,11,0.011,0.0055035941923135,0.0195966282220165,0.0029280575539568
pre_CA_minus_JX,gaussian,G4_r10,G4,10.0,"[33.0, -39.0, 50.69999814033508]",139,4128.299940347672,0.4,1000,30,75,0.075,0.0594461282112631,0.0931084469614991,75,0.075,0.0594461282112631,0.0931084469614991,0.0275251798561151
pre_CA_minus_JX,centered_signflip_diagnostic,G4_r10,G4,10.0,"[33.0, -39.0, 50.69999814033508]",139,4128.299940347672,0.4,1000,30,75,0.075,0.0594461282112631,0.0931084469614991,75,0.075,0.0594461282112631,0.0931084469614991,0.0275251798561151
pre_CA_minus_JX,gaussian,G4_r10,G4,10.0,"[33.0, -39.0, 50.69999814033508]",139,4128.299940347672,0.6,1000,30,322,0.322,0.2931003763420352,0.3519518552133706,322,0.322,0.2931003763420352,0.3519518552133706,0.1465179856115107
pre_CA_minus_JX,centered_signflip_diagnostic,G4_r10,G4,10.0,"[33.0, -39.0, 50.69999814033508]",139,4128.299940347672,0.6,1000,30,322,0.322,0.2931003763420352,0.3519518552133706,322,0.322,0.2931003763420352,0.3519518552133706,0.1465179856115107
pre_CA_minus_JX,gaussian,G4_r10,G4,10.0,"[33.0, -39.0, 50.69999814033508]",139,4128.299940347672,0.8,1000,30,703,0.703,0.673611073167813,0.7311883166205182,703,0.703,0.673611073167813,0.7311883166205182,0.4200071942446043
pre_CA_minus_JX,centered_signflip_diagnostic,G4_r10,G4,10.0,"[33.0, -39.0, 50.69999814033508]",139,4128.299940347672,0.8,1000,30,703,0.703,0.673611073167813,0.7311883166205182,703,0.703,0.673611073167813,0.7311883166205182,0.4200071942446043
pre_CA_minus_JX,gaussian,G4_r10,G4,10.0,"[33.0, -39.0, 50.69999814033508]",139,4128.299940347672,1.0,1000,30,926,0.926,0.9079882639857508,0.9414505557393472,926,0.926,0.9079882639857508,0.9414505557393472,0.7227410071942446
pre_CA_minus_JX,centered_signflip_diagnostic,G4_r10,G4,10.0,"[33.0, -39.0, 50.69999814033508]",139,4128.299940347672,1.0,1000,30,926,0.926,0.9079882639857508,0.9414505557393472,926,0.926,0.9079882639857508,0.9414505557393472,0.7227410071942446
pre_CA_minus_JX,gaussian,G4_r10,G4,10.0,"[33.0, -39.0, 50.69999814033508]",139,4128.299940347672,1.2,1000,30,995,0.995,0.988370529440188,0.9983745804824372,995,0.995,0.988370529440188,0.9983745804824372,0.9139280575539568
pre_CA_minus_JX,centered_signflip_diagnostic,G4_r10,G4,10.0,"[33.0, -39.0, 50.69999814033508]",139,4128.299940347672,1.2,1000,30,995,0.995,0.988370529440188,0.9983745804824372,995,0.995,0.988370529440188,0.9983745804824372,0.9139280575539568
pre_CA_minus_JX,gaussian,G4_r14,G4,14.0,"[33.0, -39.0, 50.69999814033508]",397,11790.899829626083,0.2,1000,30,20,0.02,0.0122582679724063,0.0307200326826091,20,0.02,0.0122582679724063,0.0307200326826091,0.0032443324937027
pre_CA_minus_JX,centered_signflip_diagnostic,G4_r14,G4,14.0,"[33.0, -39.0, 50.69999814033508]",397,11790.899829626083,0.2,1000,30,20,0.02,0.0122582679724063,0.0307200326826091,20,0.02,0.0122582679724063,0.0307200326826091,0.0032443324937027
pre_CA_minus_JX,gaussian,G4_r14,G4,14.0,"[33.0, -39.0, 50.69999814033508]",397,11790.899829626083,0.4,1000,30,163,0.163,0.1406255403596403,0.187378143784489,164,0.164,0.1415662764543619,0.1884313275260984,0.034712846347607
pre_CA_minus_JX,centered_signflip_diagnostic,G4_r14,G4,14.0,"[33.0, -39.0, 50.69999814033508]",397,11790.899829626083,0.4,1000,30,163,0.163,0.1406255403596403,0.187378143784489,164,0.164,0.1415662764543619,0.1884313275260984,0.034712846347607
pre_CA_minus_JX,gaussian,G4_r14,G4,14.0,"[33.0, -39.0, 50.69999814033508]",397,11790.899829626083,0.6,1000,30,526,0.526,0.4945142544123375,0.5573322655259105,527,0.527,0.4955145839930303,0.5583260325172669,0.1674584382871536
pre_CA_minus_JX,centered_signflip_diagnostic,G4_r14,G4,14.0,"[33.0, -39.0, 50.69999814033508]",397,11790.899829626083,0.6,1000,30,526,0.526,0.4945142544123375,0.5573322655259105,527,0.527,0.4955145839930303,0.5583260325172669,0.1674584382871536
pre_CA_minus_JX,gaussian,G4_r14,G4,14.0,"[33.0, -39.0, 50.69999814033508]",397,11790.899829626083,0.8,1000,30,874,0.874,0.8518262835289733,0.8939431677375203,874,0.874,0.8518262835289733,0.8939431677375203,0.4399420654911839
pre_CA_minus_JX,centered_signflip_diagnostic,G4_r14,G4,14.0,"[33.0, -39.0, 50.69999814033508]",397,11790.899829626083,0.8,1000,30,874,0.874,0.8518262835289733,0.8939431677375203,874,0.874,0.8518262835289733,0.8939431677375203,0.4399420654911839
pre_CA_minus_JX,gaussian,G4_r14,G4,14.0,"[33.0, -39.0, 50.69999814033508]",397,11790.899829626083,1.0,1000,30,990,0.99,0.9816867569448876,0.9951944893089508,990,0.99,0.9816867569448876,0.9951944893089508,0.7345818639798489
pre_CA_minus_JX,centered_signflip_diagnostic,G4_r14,G4,14.0,"[33.0, -39.0, 50.69999814033508]",397,11790.899829626083,1.0,1000,30,990,0.99,0.9816867569448876,0.9951944893089508,990,0.99,0.9816867569448876,0.9951944893089508,0.7345818639798489
pre_CA_minus_JX,gaussian,G4_r14,G4,14.0,"[33.0, -39.0, 50.69999814033508]",397,11790.899829626083,1.2,1000,30,1000,1.0,0.9963179161031344,1.0,1000,1.0,0.9963179161031344,1.0,0.9154962216624684
pre_CA_minus_JX,centered_signflip_diagnostic,G4_r14,G4,14.0,"[33.0, -39.0, 50.69999814033508]",397,11790.899829626083,1.2,1000,30,1000,1.0,0.9963179161031344,1.0,1000,1.0,0.9963179161031344,1.0,0.9154962216624684
pre_CA_minus_OI,gaussian,G1_r6,G1,6.0,"[-54.0, -45.0, 11.099998712539673]",31,920.6999866962434,0.2,1000,33,1,0.001,2.5317487491294045e-05,0.0055589242798266,3,0.003,0.0006190999316495,0.0087420232384783,0.0022258064516129
pre_CA_minus_OI,centered_signflip_diagnostic,G1_r6,G1,6.0,"[-54.0, -45.0, 11.099998712539673]",31,920.6999866962434,0.2,1000,29,1,0.001,2.5317487491294045e-05,0.0055589242798266,4,0.004,0.0010909079877259,0.0102096646839298,0.0026451612903225
pre_CA_minus_OI,gaussian,G1_r6,G1,6.0,"[-54.0, -45.0, 11.099998712539673]",31,920.6999866962434,0.4,1000,33,4,0.004,0.0010909079877259,0.0102096646839298,5,0.005,0.0016254195175627,0.0116294705598121,0.0046774193548387
pre_CA_minus_OI,centered_signflip_diagnostic,G1_r6,G1,6.0,"[-54.0, -45.0, 11.099998712539673]",31,920.6999866962434,0.4,1000,29,13,0.013,0.0069396175028514,0.0221278036367784,14,0.014,0.0076745015650207,0.0233781560103145,0.013516129032258
pre_CA_minus_OI,gaussian,G1_r6,G1,6.0,"[-54.0, -45.0, 11.099998712539673]",31,920.6999866962434,0.6,1000,33,9,0.009,0.0041233956603424,0.0170157830698945,9,0.009,0.0041233956603424,0.0170157830698945,0.0089354838709677
pre_CA_minus_OI,centered_signflip_diagnostic,G1_r6,G1,6.0,"[-54.0, -45.0, 11.099998712539673]",31,920.6999866962434,0.6,1000,29,67,0.067,0.0522978364000451,0.0843100371024414,67,0.067,0.0522978364000451,0.0843100371024414,0.0654838709677419
pre_CA_minus_OI,gaussian,G1_r6,G1,6.0,"[-54.0, -45.0, 11.099998712539673]",31,920.6999866962434,0.8,1000,33,11,0.011,0.0055035941923135,0.0195966282220165,11,0.011,0.0055035941923135,0.0195966282220165,0.0109354838709677
pre_CA_minus_OI,centered_signflip_diagnostic,G1_r6,G1,6.0,"[-54.0, -45.0, 11.099998712539673]",31,920.6999866962434,0.8,1000,29,248,0.248,0.2215081298374669,0.2759842205130938,248,0.248,0.2215081298374669,0.2759842205130938,0.2440967741935484
pre_CA_minus_OI,gaussian,G1_r6,G1,6.0,"[-54.0, -45.0, 11.099998712539673]",31,920.6999866962434,1.0,1000,33,12,0.012,0.0062155255595952,0.0208676795910364,12,0.012,0.0062155255595952,0.0208676795910364,0.012
pre_CA_minus_OI,centered_signflip_diagnostic,G1_r6,G1,6.0,"[-54.0, -45.0, 11.099998712539673]",31,920.6999866962434,1.0,1000,29,534,0.534,0.502520370210263,0.5652789211122722,534,0.534,0.502520370210263,0.5652789211122722,0.529483870967742
pre_CA_minus_OI,gaussian,G1_r6,G1,6.0,"[-54.0, -45.0, 11.099998712539673]",31,920.6999866962434,1.2,1000,33,12,0.012,0.0062155255595952,0.0208676795910364,12,0.012,0.0062155255595952,0.0208676795910364,0.012
pre_CA_minus_OI,centered_signflip_diagnostic,G1_r6,G1,6.0,"[-54.0, -45.0, 11.099998712539673]",31,920.6999866962434,1.2,1000,29,824,0.824,0.7989534872821923,0.8471217103835686,824,0.824,0.7989534872821923,0.8471217103835686,0.8202903225806452
pre_CA_minus_OI,gaussian,G1_r10,G1,10.0,"[-54.0, -45.0, 11.099998712539673]",139,4128.299940347672,0.2,1000,33,11,0.011,0.0055035941923135,0.0195966282220165,12,0.012,0.0062155255595952,0.0208676795910364,0.0040575539568345
pre_CA_minus_OI,centered_signflip_diagnostic,G1_r10,G1,10.0,"[-54.0, -45.0, 11.099998712539673]",139,4128.299940347672,0.2,1000,29,13,0.013,0.0069396175028514,0.0221278036367784,14,0.014,0.0076745015650207,0.0233781560103145,0.0043237410071942
pre_CA_minus_OI,gaussian,G1_r10,G1,10.0,"[-54.0, -45.0, 11.099998712539673]",139,4128.299940347672,0.4,1000,33,72,0.072,0.0567586875545616,0.0898157491753507,72,0.072,0.0567586875545616,0.0898157491753507,0.0324676258992805
pre_CA_minus_OI,centered_signflip_diagnostic,G1_r10,G1,10.0,"[-54.0, -45.0, 11.099998712539673]",139,4128.299940347672,0.4,1000,29,80,0.08,0.0639419828466733,0.0985797790479021,80,0.08,0.0639419828466733,0.0985797790479021,0.0341798561151079
pre_CA_minus_OI,gaussian,G1_r10,G1,10.0,"[-54.0, -45.0, 11.099998712539673]",139,4128.299940347672,0.6,1000,33,275,0.275,0.2475213436555005,0.3038100774529292,275,0.275,0.2475213436555005,0.3038100774529292,0.1484532374100719
pre_CA_minus_OI,centered_signflip_diagnostic,G1_r10,G1,10.0,"[-54.0, -45.0, 11.099998712539673]",139,4128.299940347672,0.6,1000,29,299,0.299,0.2707511411533868,0.3284375890135824,299,0.299,0.2707511411533868,0.3284375890135824,0.1537625899280575
pre_CA_minus_OI,gaussian,G1_r10,G1,10.0,"[-54.0, -45.0, 11.099998712539673]",139,4128.299940347672,0.8,1000,33,653,0.653,0.6225798930217138,0.6825160263170542,653,0.653,0.6225798930217138,0.6825160263170542,0.4218920863309353
pre_CA_minus_OI,centered_signflip_diagnostic,G1_r10,G1,10.0,"[-54.0, -45.0, 11.099998712539673]",139,4128.299940347672,0.8,1000,29,676,0.676,0.6460072766157738,0.7049523515568272,676,0.676,0.6460072766157738,0.7049523515568272,0.4268848920863309
pre_CA_minus_OI,gaussian,G1_r10,G1,10.0,"[-54.0, -45.0, 11.099998712539673]",139,4128.299940347672,1.0,1000,33,905,0.905,0.8851151555955479,0.922459792918345,905,0.905,0.8851151555955479,0.922459792918345,0.7301007194244604
pre_CA_minus_OI,centered_signflip_diagnostic,G1_r10,G1,10.0,"[-54.0, -45.0, 11.099998712539673]",139,4128.299940347672,1.0,1000,29,918,0.918,0.8992371325846886,0.934254139728168,918,0.918,0.8992371325846886,0.934254139728168,0.7329568345323741
pre_CA_minus_OI,gaussian,G1_r10,G1,10.0,"[-54.0, -45.0, 11.099998712539673]",139,4128.299940347672,1.2,1000,33,986,0.986,0.9766218439896855,0.9923254984349792,986,0.986,0.9766218439896855,0.9923254984349792,0.9168129496402876
pre_CA_minus_OI,centered_signflip_diagnostic,G1_r10,G1,10.0,"[-54.0, -45.0, 11.099998712539673]",139,4128.299940347672,1.2,1000,29,987,0.987,0.9778721963632216,0.9930603824971486,987,0.987,0.9778721963632216,0.9930603824971486,0.917043165467626
pre_CA_minus_OI,gaussian,G1_r14,G1,14.0,"[-54.0, -45.0, 11.099998712539673]",397,11790.899829626083,0.2,1000,33,24,0.024,0.0154363832335084,0.0355006385313591,24,0.024,0.0154363832335084,0.0355006385313591,0.0040831234256926
pre_CA_minus_OI,centered_signflip_diagnostic,G1_r14,G1,14.0,"[-54.0, -45.0, 11.099998712539673]",397,11790.899829626083,0.2,1000,29,31,0.031,0.0211581719702086,0.0437150850062389,31,0.031,0.0211581719702086,0.0437150850062389,0.0045894206549118
pre_CA_minus_OI,gaussian,G1_r14,G1,14.0,"[-54.0, -45.0, 11.099998712539673]",397,11790.899829626083,0.4,1000,33,148,0.148,0.1265527328284222,0.1715424382951766,148,0.148,0.1265527328284222,0.1715424382951766,0.0340528967254408
pre_CA_minus_OI,centered_signflip_diagnostic,G1_r14,G1,14.0,"[-54.0, -45.0, 11.099998712539673]",397,11790.899829626083,0.4,1000,29,166,0.166,0.1434486615841371,0.1905367885418801,166,0.166,0.1434486615841371,0.1905367885418801,0.0355717884130982
pre_CA_minus_OI,gaussian,G1_r14,G1,14.0,"[-54.0, -45.0, 11.099998712539673]",397,11790.899829626083,0.6,1000,33,523,0.523,0.4915140103158692,0.5543502196835381,523,0.523,0.4915140103158692,0.5543502196835381,0.1661964735516373
pre_CA_minus_OI,centered_signflip_diagnostic,G1_r14,G1,14.0,"[-54.0, -45.0, 11.099998712539673]",397,11790.899829626083,0.6,1000,29,552,0.552,0.5205633067622518,0.5831297072680907,552,0.552,0.5205633067622518,0.5831297072680907,0.1694307304785894
pre_CA_minus_OI,gaussian,G1_r14,G1,14.0,"[-54.0, -45.0, 11.099998712539673]",397,11790.899829626083,0.8,1000,33,874,0.874,0.8518262835289733,0.8939431677375203,874,0.874,0.8518262835289733,0.8939431677375203,0.4444307304785894
pre_CA_minus_OI,centered_signflip_diagnostic,G1_r14,G1,14.0,"[-54.0, -45.0, 11.099998712539673]",397,11790.899829626083,0.8,1000,29,892,0.892,0.8710962391200021,0.9105609670175998,892,0.892,0.8710962391200021,0.9105609670175998,0.4469647355163728
pre_CA_minus_OI,gaussian,G1_r14,G1,14.0,"[-54.0, -45.0, 11.099998712539673]",397,11790.899829626083,1.0,1000,33,985,0.985,0.9753802999029588,0.9915809502499656,985,0.985,0.9753802999029588,0.9915809502499656,0.7443979848866499
pre_CA_minus_OI,centered_signflip_diagnostic,G1_r14,G1,14.0,"[-54.0, -45.0, 11.099998712539673]",397,11790.899829626083,1.0,1000,29,989,0.989,0.9804033717779836,0.9944964058076864,989,0.989,0.9804033717779836,0.9944964058076864,0.7447808564231738
pre_CA_minus_OI,gaussian,G1_r14,G1,14.0,"[-54.0, -45.0, 11.099998712539673]",397,11790.899829626083,1.2,1000,33,1000,1.0,0.9963179161031344,1.0,1000,1.0,0.9963179161031344,1.0,0.9220125944584384
pre_CA_minus_OI,centered_signflip_diagnostic,G1_r14,G1,14.0,"[-54.0, -45.0, 11.099998712539673]",397,11790.899829626083,1.2,1000,29,1000,1.0,0.9963179161031344,1.0,1000,1.0,0.9963179161031344,1.0,0.9220125944584384
pre_CA_minus_OI,gaussian,G2_r6,G2,6.0,"[36.0, 45.0, 7.799998760223389]",31,920.6999866962434,0.2,1000,33,0,0.0,0.0,0.0036820838968656,0,0.0,0.0,0.0036820838968656,0.0
pre_CA_minus_OI,centered_signflip_diagnostic,G2_r6,G2,6.0,"[36.0, 45.0, 7.799998760223389]",31,920.6999866962434,0.2,1000,29,0,0.0,0.0,0.0036820838968656,0,0.0,0.0,0.0036820838968656,0.0
pre_CA_minus_OI,gaussian,G2_r6,G2,6.0,"[36.0, 45.0, 7.799998760223389]",31,920.6999866962434,0.4,1000,33,0,0.0,0.0,0.0036820838968656,0,0.0,0.0,0.0036820838968656,0.0
pre_CA_minus_OI,centered_signflip_diagnostic,G2_r6,G2,6.0,"[36.0, 45.0, 7.799998760223389]",31,920.6999866962434,0.4,1000,29,1,0.001,2.5317487491294045e-05,0.0055589242798266,1,0.001,2.5317487491294045e-05,0.0055589242798266,0.0009677419354838
pre_CA_minus_OI,gaussian,G2_r6,G2,6.0,"[36.0, 45.0, 7.799998760223389]",31,920.6999866962434,0.6,1000,33,3,0.003,0.0006190999316495,0.0087420232384783,3,0.003,0.0006190999316495,0.0087420232384783,0.0029354838709677
pre_CA_minus_OI,centered_signflip_diagnostic,G2_r6,G2,6.0,"[36.0, 45.0, 7.799998760223389]",31,920.6999866962434,0.6,1000,29,17,0.017,0.0099335125927165,0.0270794968648513,17,0.017,0.0099335125927165,0.0270794968648513,0.0163548387096774
pre_CA_minus_OI,gaussian,G2_r6,G2,6.0,"[36.0, 45.0, 7.799998760223389]",31,920.6999866962434,0.8,1000,33,4,0.004,0.0010909079877259,0.0102096646839298,4,0.004,0.0010909079877259,0.0102096646839298,0.0039677419354838
pre_CA_minus_OI,centered_signflip_diagnostic,G2_r6,G2,6.0,"[36.0, 45.0, 7.799998760223389]",31,920.6999866962434,0.8,1000,29,133,0.133,0.1125579643868474,0.1556293270471283,133,0.133,0.1125579643868474,0.1556293270471283,0.1293870967741935
pre_CA_minus_OI,gaussian,G2_r6,G2,6.0,"[36.0, 45.0, 7.799998760223389]",31,920.6999866962434,1.0,1000,33,6,0.006,0.0022049824851513,0.0130134232709744,6,0.006,0.0022049824851513,0.0130134232709744,0.0059677419354838
pre_CA_minus_OI,centered_signflip_diagnostic,G2_r6,G2,6.0,"[36.0, 45.0, 7.799998760223389]",31,920.6999866962434,1.0,1000,29,418,0.418,0.3872097969681706,0.4492743785730605,418,0.418,0.3872097969681706,0.4492743785730605,0.4119032258064516
pre_CA_minus_OI,gaussian,G2_r6,G2,6.0,"[36.0, 45.0, 7.799998760223389]",31,920.6999866962434,1.2,1000,33,7,0.007,0.0028188587596205,0.0143691949789186,7,0.007,0.0028188587596205,0.0143691949789186,0.007
pre_CA_minus_OI,centered_signflip_diagnostic,G2_r6,G2,6.0,"[36.0, 45.0, 7.799998760223389]",31,920.6999866962434,1.2,1000,29,758,0.758,0.7302177554526308,0.784254062131835,758,0.758,0.7302177554526308,0.784254062131835,0.7523225806451612
pre_CA_minus_OI,gaussian,G2_r10,G2,10.0,"[36.0, 45.0, 7.799998760223389]",139,4128.299940347672,0.2,1000,33,4,0.004,0.0010909079877259,0.0102096646839298,5,0.005,0.0016254195175627,0.0116294705598121,0.0011726618705035
pre_CA_minus_OI,centered_signflip_diagnostic,G2_r10,G2,10.0,"[36.0, 45.0, 7.799998760223389]",139,4128.299940347672,0.2,1000,29,5,0.005,0.0016254195175627,0.0116294705598121,6,0.006,0.0022049824851513,0.0130134232709744,0.0013597122302158
pre_CA_minus_OI,gaussian,G2_r10,G2,10.0,"[36.0, 45.0, 7.799998760223389]",139,4128.299940347672,0.4,1000,33,48,0.048,0.0356002653428832,0.0631401154015092,48,0.048,0.0356002653428832,0.0631401154015092,0.0191079136690647
pre_CA_minus_OI,centered_signflip_diagnostic,G2_r10,G2,10.0,"[36.0, 45.0, 7.799998760223389]",139,4128.299940347672,0.4,1000,29,65,0.065,0.0505203096896179,0.082101069921371,65,0.065,0.0505203096896179,0.082101069921371,0.0227553956834532
pre_CA_minus_OI,gaussian,G2_r10,G2,10.0,"[36.0, 45.0, 7.799998760223389]",139,4128.299940347672,0.6,1000,33,294,0.294,0.2659037142365126,0.3233147195188708,294,0.294,0.2659037142365126,0.3233147195188708,0.1376618705035971
pre_CA_minus_OI,centered_signflip_diagnostic,G2_r10,G2,10.0,"[36.0, 45.0, 7.799998760223389]",139,4128.299940347672,0.6,1000,29,318,0.318,0.2892076550639288,0.3478683003282046,318,0.318,0.2892076550639288,0.3478683003282046,0.1428705035971223
pre_CA_minus_OI,gaussian,G2_r10,G2,10.0,"[36.0, 45.0, 7.799998760223389]",139,4128.299940347672,0.8,1000,33,684,0.684,0.6541743923933121,0.712737788048678,684,0.684,0.6541743923933121,0.712737788048678,0.4150935251798561
pre_CA_minus_OI,centered_signflip_diagnostic,G2_r10,G2,10.0,"[36.0, 45.0, 7.799998760223389]",139,4128.299940347672,0.8,1000,29,710,0.71,0.6807865098815258,0.7379712849550526,710,0.71,0.6807865098815258,0.7379712849550526,0.4208201438848921
pre_CA_minus_OI,gaussian,G2_r10,G2,10.0,"[36.0, 45.0, 7.799998760223389]",139,4128.299940347672,1.0,1000,33,935,0.935,0.917898930078629,0.949479690310382,935,0.935,0.917898930078629,0.949479690310382,0.728748201438849
pre_CA_minus_OI,centered_signflip_diagnostic,G2_r10,G2,10.0,"[36.0, 45.0, 7.799998760223389]",139,4128.299940347672,1.0,1000,29,942,0.942,0.9256635046176483,0.9556671397471792,942,0.942,0.9256635046176483,0.9556671397471792,0.7302589928057553
pre_CA_minus_OI,gaussian,G2_r10,G2,10.0,"[36.0, 45.0, 7.799998760223389]",139,4128.299940347672,1.2,1000,33,994,0.994,0.9869865767290256,0.9977950175148488,994,0.994,0.9869865767290256,0.9977950175148488,0.9181726618705036
pre_CA_minus_OI,centered_signflip_diagnostic,G2_r10,G2,10.0,"[36.0, 45.0, 7.799998760223389]",139,4128.299940347672,1.2,1000,29,995,0.995,0.988370529440188,0.9983745804824372,995,0.995,0.988370529440188,0.9983745804824372,0.9183884892086333
pre_CA_minus_OI,gaussian,G2_r14,G2,14.0,"[36.0, 45.0, 7.799998760223389]",397,11790.899829626083,0.2,1000,33,14,0.014,0.0076745015650207,0.0233781560103145,15,0.015,0.0084190497500343,0.0246197000970411,0.001904282115869
pre_CA_minus_OI,centered_signflip_diagnostic,G2_r14,G2,14.0,"[36.0, 45.0, 7.799998760223389]",397,11790.899829626083,0.2,1000,29,21,0.021,0.0130451922903876,0.0319223351804155,22,0.022,0.0138374141720738,0.0331196645149877,0.0024256926952141
pre_CA_minus_OI,gaussian,G2_r14,G2,14.0,"[36.0, 45.0, 7.799998760223389]",397,11790.899829626083,0.4,1000,33,149,0.149,0.1274886004483131,0.1726004535808252,149,0.149,0.1274886004483131,0.1726004535808252,0.0280503778337531
pre_CA_minus_OI,centered_signflip_diagnostic,G2_r14,G2,14.0,"[36.0, 45.0, 7.799998760223389]",397,11790.899829626083,0.4,1000,29,168,0.168,0.1453322492747272,0.1926410554145053,168,0.168,0.1453322492747272,0.1926410554145053,0.0294937027707808
pre_CA_minus_OI,gaussian,G2_r14,G2,14.0,"[36.0, 45.0, 7.799998760223389]",397,11790.899829626083,0.6,1000,33,537,0.537,0.5055247163594039,0.5682568634473539,537,0.537,0.5055247163594039,0.5682568634473539,0.1624130982367758
pre_CA_minus_OI,centered_signflip_diagnostic,G2_r14,G2,14.0,"[36.0, 45.0, 7.799998760223389]",397,11790.899829626083,0.6,1000,29,569,0.569,0.5376412404403916,0.5999513775754168,569,0.569,0.5376412404403916,0.5999513775754168,0.1655692695214105
pre_CA_minus_OI,gaussian,G2_r14,G2,14.0,"[36.0, 45.0, 7.799998760223389]",397,11790.899829626083,0.8,1000,33,902,0.902,0.8818715455687639,0.9197224945489948,902,0.902,0.8818715455687639,0.9197224945489948,0.4475340050377833
pre_CA_minus_OI,centered_signflip_diagnostic,G2_r14,G2,14.0,"[36.0, 45.0, 7.799998760223389]",397,11790.899829626083,0.8,1000,29,917,0.917,0.8981467032446242,0.933351068191121,917,0.917,0.8981467032446242,0.933351068191121,0.4494433249370277
pre_CA_minus_OI,gaussian,G2_r14,G2,14.0,"[36.0, 45.0, 7.799998760223389]",397,11790.899829626083,1.0,1000,33,991,0.991,0.9829842169301054,0.9958766043396576,991,0.991,0.9829842169301054,0.9958766043396576,0.7439395465994962
pre_CA_minus_OI,centered_signflip_diagnostic,G2_r14,G2,14.0,"[36.0, 45.0, 7.799998760223389]",397,11790.899829626083,1.0,1000,29,993,0.993,0.9856308050210814,0.9971811412403796,993,0.993,0.9856308050210814,0.9971811412403796,0.744463476070529
pre_CA_minus_OI,gaussian,G2_r14,G2,14.0,"[36.0, 45.0, 7.799998760223389]",397,11790.899829626083,1.2,1000,33,1000,1.0,0.9963179161031344,1.0,1000,1.0,0.9963179161031344,1.0,0.9221057934508816
pre_CA_minus_OI,centered_signflip_diagnostic,G2_r14,G2,14.0,"[36.0, 45.0, 7.799998760223389]",397,11790.899829626083,1.2,1000,29,1000,1.0,0.9963179161031344,1.0,1000,1.0,0.9963179161031344,1.0,0.9221057934508816
pre_CA_minus_OI,gaussian,G3_r6,G3,6.0,"[33.0, -66.0, -41.700000524520874]",31,920.6999866962434,0.2,1000,33,2,0.002,0.0002423011168772,0.0072058389114574,4,0.004,0.0010909079877259,0.0102096646839298,0.0019354838709677
pre_CA_minus_OI,centered_signflip_diagnostic,G3_r6,G3,6.0,"[33.0, -66.0, -41.700000524520874]",31,920.6999866962434,0.2,1000,29,2,0.002,0.0002423011168772,0.0072058389114574,4,0.004,0.0010909079877259,0.0102096646839298,0.0019354838709677
pre_CA_minus_OI,gaussian,G3_r6,G3,6.0,"[33.0, -66.0, -41.700000524520874]",31,920.6999866962434,0.4,1000,33,4,0.004,0.0010909079877259,0.0102096646839298,5,0.005,0.0016254195175627,0.0116294705598121,0.0043548387096774
pre_CA_minus_OI,centered_signflip_diagnostic,G3_r6,G3,6.0,"[33.0, -66.0, -41.700000524520874]",31,920.6999866962434,0.4,1000,29,8,0.008,0.0034599761653293,0.0157020491760746,9,0.009,0.0041233956603424,0.0170157830698945,0.0077096774193548
pre_CA_minus_OI,gaussian,G3_r6,G3,6.0,"[33.0, -66.0, -41.700000524520874]",31,920.6999866962434,0.6,1000,33,8,0.008,0.0034599761653293,0.0157020491760746,8,0.008,0.0034599761653293,0.0157020491760746,0.0077419354838709
pre_CA_minus_OI,centered_signflip_diagnostic,G3_r6,G3,6.0,"[33.0, -66.0, -41.700000524520874]",31,920.6999866962434,0.6,1000,29,47,0.047,0.0347350622667959,0.0620126306933051,47,0.047,0.0347350622667959,0.0620126306933051,0.0454516129032258
pre_CA_minus_OI,gaussian,G3_r6,G3,6.0,"[33.0, -66.0, -41.700000524520874]",31,920.6999866962434,0.8,1000,33,12,0.012,0.0062155255595952,0.0208676795910364,12,0.012,0.0062155255595952,0.0208676795910364,0.012
pre_CA_minus_OI,centered_signflip_diagnostic,G3_r6,G3,6.0,"[33.0, -66.0, -41.700000524520874]",31,920.6999866962434,0.8,1000,29,196,0.196,0.1718199660335775,0.2219840642848718,196,0.196,0.1718199660335775,0.2219840642848718,0.1916129032258064
pre_CA_minus_OI,gaussian,G3_r6,G3,6.0,"[33.0, -66.0, -41.700000524520874]",31,920.6999866962434,1.0,1000,33,16,0.016,0.009172319269222,0.0258532490813734,16,0.016,0.009172319269222,0.0258532490813734,0.016
pre_CA_minus_OI,centered_signflip_diagnostic,G3_r6,G3,6.0,"[33.0, -66.0, -41.700000524520874]",31,920.6999866962434,1.0,1000,29,504,0.504,0.4725383563385119,0.535438031986144,504,0.504,0.4725383563385119,0.535438031986144,0.4974838709677419
pre_CA_minus_OI,gaussian,G3_r6,G3,6.0,"[33.0, -66.0, -41.700000524520874]",31,920.6999866962434,1.2,1000,33,16,0.016,0.009172319269222,0.0258532490813734,16,0.016,0.009172319269222,0.0258532490813734,0.016
pre_CA_minus_OI,centered_signflip_diagnostic,G3_r6,G3,6.0,"[33.0, -66.0, -41.700000524520874]",31,920.6999866962434,1.2,1000,29,817,0.817,0.7916133754558675,0.8405041656691044,817,0.817,0.7916133754558675,0.8405041656691044,0.812
pre_CA_minus_OI,gaussian,G3_r10,G3,10.0,"[33.0, -66.0, -41.700000524520874]",139,4128.299940347672,0.2,1000,33,9,0.009,0.0041233956603424,0.0170157830698945,12,0.012,0.0062155255595952,0.0208676795910364,0.0035323741007194
pre_CA_minus_OI,centered_signflip_diagnostic,G3_r10,G3,10.0,"[33.0, -66.0, -41.700000524520874]",139,4128.299940347672,0.2,1000,29,11,0.011,0.0055035941923135,0.0195966282220165,14,0.014,0.0076745015650207,0.0233781560103145,0.0039208633093525
pre_CA_minus_OI,gaussian,G3_r10,G3,10.0,"[33.0, -66.0, -41.700000524520874]",139,4128.299940347672,0.4,1000,33,77,0.077,0.0612420277835489,0.0952993809782596,77,0.077,0.0612420277835489,0.0952993809782596,0.0331007194244604
pre_CA_minus_OI,centered_signflip_diagnostic,G3_r10,G3,10.0,"[33.0, -66.0, -41.700000524520874]",139,4128.299940347672,0.4,1000,29,87,0.087,0.0702684860713786,0.1062078579570212,87,0.087,0.0702684860713786,0.1062078579570212,0.0352158273381294
pre_CA_minus_OI,gaussian,G3_r10,G3,10.0,"[33.0, -66.0, -41.700000524520874]",139,4128.299940347672,0.6,1000,33,317,0.317,0.2882348567258518,0.3468470305589003,317,0.317,0.2882348567258518,0.3468470305589003,0.1642949640287769
pre_CA_minus_OI,centered_signflip_diagnostic,G3_r10,G3,10.0,"[33.0, -66.0, -41.700000524520874]",139,4128.299940347672,0.6,1000,29,340,0.34,0.3106473225009717,0.3702982205023276,340,0.34,0.3106473225009717,0.3702982205023276,0.1693237410071942
pre_CA_minus_OI,gaussian,G3_r10,G3,10.0,"[33.0, -66.0, -41.700000524520874]",139,4128.299940347672,0.8,1000,33,678,0.678,0.6480481447866293,0.7068996236579648,678,0.678,0.6480481447866293,0.7068996236579648,0.4439712230215827
pre_CA_minus_OI,centered_signflip_diagnostic,G3_r10,G3,10.0,"[33.0, -66.0, -41.700000524520874]",139,4128.299940347672,0.8,1000,29,699,0.699,0.6695143919445508,0.7273087561206684,699,0.699,0.6695143919445508,0.7273087561206684,0.4485323741007194
pre_CA_minus_OI,gaussian,G3_r10,G3,10.0,"[33.0, -66.0, -41.700000524520874]",139,4128.299940347672,1.0,1000,33,922,0.922,0.903606366597417,0.937858786867286,922,0.922,0.903606366597417,0.937858786867286,0.7434676258992806
pre_CA_minus_OI,centered_signflip_diagnostic,G3_r10,G3,10.0,"[33.0, -66.0, -41.700000524520874]",139,4128.299940347672,1.0,1000,29,934,0.934,0.9167939495385972,0.9485914339810816,934,0.934,0.9167939495385972,0.9485914339810816,0.7461007194244604
pre_CA_minus_OI,gaussian,G3_r10,G3,10.0,"[33.0, -66.0, -41.700000524520874]",139,4128.299940347672,1.2,1000,33,991,0.991,0.9829842169301054,0.9958766043396576,991,0.991,0.9829842169301054,0.9958766043396576,0.9271510791366906
pre_CA_minus_OI,centered_signflip_diagnostic,G3_r10,G3,10.0,"[33.0, -66.0, -41.700000524520874]",139,4128.299940347672,1.2,1000,29,993,0.993,0.9856308050210814,0.9971811412403796,993,0.993,0.9856308050210814,0.9971811412403796,0.927589928057554
pre_CA_minus_OI,gaussian,G3_r14,G3,14.0,"[33.0, -66.0, -41.700000524520874]",397,11790.899829626083,0.2,1000,33,22,0.022,0.0138374141720738,0.0331196645149877,26,0.026,0.0170527863456294,0.0378651224789214,0.0046725440806045
pre_CA_minus_OI,centered_signflip_diagnostic,G3_r14,G3,14.0,"[33.0, -66.0, -41.700000524520874]",397,11790.899829626083,0.2,1000,29,30,0.03,0.0203304856831096,0.042551402470029,34,0.034,0.0236586481075967,0.0471894386157074,0.0052443324937027
pre_CA_minus_OI,gaussian,G3_r14,G3,14.0,"[33.0, -66.0, -41.700000524520874]",397,11790.899829626083,0.4,1000,33,176,0.176,0.1528782896164313,0.2010465127178077,176,0.176,0.1528782896164313,0.2010465127178077,0.0400377833753148
pre_CA_minus_OI,centered_signflip_diagnostic,G3_r14,G3,14.0,"[33.0, -66.0, -41.700000524520874]",397,11790.899829626083,0.4,1000,29,189,0.189,0.1651784864671233,0.2146677427489162,189,0.189,0.1651784864671233,0.2146677427489162,0.0412292191435768
pre_CA_minus_OI,gaussian,G3_r14,G3,14.0,"[33.0, -66.0, -41.700000524520874]",397,11790.899829626083,0.6,1000,33,513,0.513,0.4815212538264206,0.5444020077458718,513,0.513,0.4815212538264206,0.5444020077458718,0.1825214105793451
pre_CA_minus_OI,centered_signflip_diagnostic,G3_r14,G3,14.0,"[33.0, -66.0, -41.700000524520874]",397,11790.899829626083,0.6,1000,29,544,0.544,0.5125392225900189,0.5752010283644174,544,0.544,0.5125392225900189,0.5752010283644174,0.1855188916876574
pre_CA_minus_OI,gaussian,G3_r14,G3,14.0,"[33.0, -66.0, -41.700000524520874]",397,11790.899829626083,0.8,1000,33,868,0.868,0.8454345533915462,0.8883719870272047,868,0.868,0.8454345533915462,0.8883719870272047,0.4644282115869017
pre_CA_minus_OI,centered_signflip_diagnostic,G3_r14,G3,14.0,"[33.0, -66.0, -41.700000524520874]",397,11790.899829626083,0.8,1000,29,880,0.88,0.8582331362071746,0.8994990762518321,880,0.88,0.8582331362071746,0.8994990762518321,0.4655969773299748
pre_CA_minus_OI,gaussian,G3_r14,G3,14.0,"[33.0, -66.0, -41.700000524520874]",397,11790.899829626083,1.0,1000,33,983,0.983,0.9729205031351488,0.9900664874072834,983,0.983,0.9729205031351488,0.9900664874072834,0.7547607052896725
pre_CA_minus_OI,centered_signflip_diagnostic,G3_r14,G3,14.0,"[33.0, -66.0, -41.700000524520874]",397,11790.899829626083,1.0,1000,29,984,0.984,0.9741467509186266,0.990827680730778,984,0.984,0.9741467509186266,0.990827680730778,0.7549974811083123
pre_CA_minus_OI,gaussian,G3_r14,G3,14.0,"[33.0, -66.0, -41.700000524520874]",397,11790.899829626083,1.2,1000,33,999,0.999,0.9944410757201734,0.9999746825125088,999,0.999,0.9944410757201734,0.9999746825125088,0.926904282115869
pre_CA_minus_OI,centered_signflip_diagnostic,G3_r14,G3,14.0,"[33.0, -66.0, -41.700000524520874]",397,11790.899829626083,1.2,1000,29,1000,1.0,0.9963179161031344,1.0,1000,1.0,0.9963179161031344,1.0,0.9269823677581864
pre_CA_minus_OI,gaussian,G4_r6,G4,6.0,"[33.0, -39.0, 50.69999814033508]",31,920.6999866962434,0.2,1000,33,0,0.0,0.0,0.0036820838968656,2,0.002,0.0002423011168772,0.0072058389114574,0.0007419354838709
pre_CA_minus_OI,centered_signflip_diagnostic,G4_r6,G4,6.0,"[33.0, -39.0, 50.69999814033508]",31,920.6999866962434,0.2,1000,29,1,0.001,2.5317487491294045e-05,0.0055589242798266,3,0.003,0.0006190999316495,0.0087420232384783,0.0011290322580645
pre_CA_minus_OI,gaussian,G4_r6,G4,6.0,"[33.0, -39.0, 50.69999814033508]",31,920.6999866962434,0.4,1000,33,2,0.002,0.0002423011168772,0.0072058389114574,3,0.003,0.0006190999316495,0.0087420232384783,0.0020967741935483
pre_CA_minus_OI,centered_signflip_diagnostic,G4_r6,G4,6.0,"[33.0, -39.0, 50.69999814033508]",31,920.6999866962434,0.4,1000,29,8,0.008,0.0034599761653293,0.0157020491760746,9,0.009,0.0041233956603424,0.0170157830698945,0.0072903225806451
pre_CA_minus_OI,gaussian,G4_r6,G4,6.0,"[33.0, -39.0, 50.69999814033508]",31,920.6999866962434,0.6,1000,33,7,0.007,0.0028188587596205,0.0143691949789186,7,0.007,0.0028188587596205,0.0143691949789186,0.0068387096774193
pre_CA_minus_OI,centered_signflip_diagnostic,G4_r6,G4,6.0,"[33.0, -39.0, 50.69999814033508]",31,920.6999866962434,0.6,1000,29,40,0.04,0.0287276252858908,0.0540726968193685,40,0.04,0.0287276252858908,0.0540726968193685,0.0388709677419354
pre_CA_minus_OI,gaussian,G4_r6,G4,6.0,"[33.0, -39.0, 50.69999814033508]",31,920.6999866962434,0.8,1000,33,10,0.01,0.0048055106910493,0.0183132430551124,10,0.01,0.0048055106910493,0.0183132430551124,0.0098387096774193
pre_CA_minus_OI,centered_signflip_diagnostic,G4_r6,G4,6.0,"[33.0, -39.0, 50.69999814033508]",31,920.6999866962434,0.8,1000,29,177,0.177,0.1538228267013961,0.2020959213077809,177,0.177,0.1538228267013961,0.2020959213077809,0.1735806451612903
pre_CA_minus_OI,gaussian,G4_r6,G4,6.0,"[33.0, -39.0, 50.69999814033508]",31,920.6999866962434,1.0,1000,33,10,0.01,0.0048055106910493,0.0183132430551124,10,0.01,0.0048055106910493,0.0183132430551124,0.01
pre_CA_minus_OI,centered_signflip_diagnostic,G4_r6,G4,6.0,"[33.0, -39.0, 50.69999814033508]",31,920.6999866962434,1.0,1000,29,497,0.497,0.4655585837710775,0.5284591249803341,497,0.497,0.4655585837710775,0.5284591249803341,0.4907419354838709
pre_CA_minus_OI,gaussian,G4_r6,G4,6.0,"[33.0, -39.0, 50.69999814033508]",31,920.6999866962434,1.2,1000,33,10,0.01,0.0048055106910493,0.0183132430551124,10,0.01,0.0048055106910493,0.0183132430551124,0.01
pre_CA_minus_OI,centered_signflip_diagnostic,G4_r6,G4,6.0,"[33.0, -39.0, 50.69999814033508]",31,920.6999866962434,1.2,1000,29,784,0.784,0.757177068896001,0.809139112732474,784,0.784,0.757177068896001,0.809139112732474,0.7799354838709678
pre_CA_minus_OI,gaussian,G4_r10,G4,10.0,"[33.0, -39.0, 50.69999814033508]",139,4128.299940347672,0.2,1000,33,6,0.006,0.0022049824851513,0.0130134232709744,7,0.007,0.0028188587596205,0.0143691949789186,0.0018561151079136
pre_CA_minus_OI,centered_signflip_diagnostic,G4_r10,G4,10.0,"[33.0, -39.0, 50.69999814033508]",139,4128.299940347672,0.2,1000,29,8,0.008,0.0034599761653293,0.0157020491760746,9,0.009,0.0041233956603424,0.0170157830698945,0.002273381294964
pre_CA_minus_OI,gaussian,G4_r10,G4,10.0,"[33.0, -39.0, 50.69999814033508]",139,4128.299940347672,0.4,1000,33,77,0.077,0.0612420277835489,0.0952993809782596,77,0.077,0.0612420277835489,0.0952993809782596,0.0299856115107913
pre_CA_minus_OI,centered_signflip_diagnostic,G4_r10,G4,10.0,"[33.0, -39.0, 50.69999814033508]",139,4128.299940347672,0.4,1000,29,88,0.088,0.0711751342852865,0.1072947650350086,88,0.088,0.0711751342852865,0.1072947650350086,0.0323669064748201
pre_CA_minus_OI,gaussian,G4_r10,G4,10.0,"[33.0, -39.0, 50.69999814033508]",139,4128.299940347672,0.6,1000,33,336,0.336,0.3067438594686291,0.3662253829372324,336,0.336,0.3067438594686291,0.3662253829372324,0.1613453237410071
pre_CA_minus_OI,centered_signflip_diagnostic,G4_r10,G4,10.0,"[33.0, -39.0, 50.69999814033508]",139,4128.299940347672,0.6,1000,29,360,0.36,0.3301991830442187,0.3906279323794035,360,0.36,0.3301991830442187,0.3906279323794035,0.1666258992805755
pre_CA_minus_OI,gaussian,G4_r10,G4,10.0,"[33.0, -39.0, 50.69999814033508]",139,4128.299940347672,0.8,1000,33,711,0.711,0.6818122287728849,0.7389396219867512,711,0.711,0.6818122287728849,0.7389396219867512,0.4437913669064748
pre_CA_minus_OI,centered_signflip_diagnostic,G4_r10,G4,10.0,"[33.0, -39.0, 50.69999814033508]",139,4128.299940347672,0.8,1000,29,736,0.736,0.7075104336595897,0.7630926390526391,736,0.736,0.7075104336595897,0.7630926390526391,0.4492661870503597
pre_CA_minus_OI,gaussian,G4_r10,G4,10.0,"[33.0, -39.0, 50.69999814033508]",139,4128.299940347672,1.0,1000,33,934,0.934,0.9167939495385972,0.9485914339810816,934,0.934,0.9167939495385972,0.9485914339810816,0.7455755395683453
pre_CA_minus_OI,centered_signflip_diagnostic,G4_r10,G4,10.0,"[33.0, -39.0, 50.69999814033508]",139,4128.299940347672,1.0,1000,29,941,0.941,0.9245509269157592,0.9547866455972034,941,0.941,0.9245509269157592,0.9547866455972034,0.7471294964028777
pre_CA_minus_OI,gaussian,G4_r10,G4,10.0,"[33.0, -39.0, 50.69999814033508]",139,4128.299940347672,1.2,1000,33,996,0.996,0.98979033531607,0.998909092012274,996,0.996,0.98979033531607,0.998909092012274,0.923273381294964
pre_CA_minus_OI,centered_signflip_diagnostic,G4_r10,G4,10.0,"[33.0, -39.0, 50.69999814033508]",139,4128.299940347672,1.2,1000,29,996,0.996,0.98979033531607,0.998909092012274,996,0.996,0.98979033531607,0.998909092012274,0.923273381294964
pre_CA_minus_OI,gaussian,G4_r14,G4,14.0,"[33.0, -39.0, 50.69999814033508]",397,11790.899829626083,0.2,1000,33,19,0.019,0.0114770369931009,0.0295124016250978,21,0.021,0.0130451922903876,0.0319223351804155,0.0029093198992443
pre_CA_minus_OI,centered_signflip_diagnostic,G4_r14,G4,14.0,"[33.0, -39.0, 50.69999814033508]",397,11790.899829626083,0.2,1000,29,20,0.02,0.0122582679724063,0.0307200326826091,22,0.022,0.0138374141720738,0.0331196645149877,0.002984886649874
pre_CA_minus_OI,gaussian,G4_r14,G4,14.0,"[33.0, -39.0, 50.69999814033508]",397,11790.899829626083,0.4,1000,33,181,0.181,0.1576037418442293,0.2062908065575692,181,0.181,0.1576037418442293,0.2062908065575692,0.0382745591939546
pre_CA_minus_OI,centered_signflip_diagnostic,G4_r14,G4,14.0,"[33.0, -39.0, 50.69999814033508]",397,11790.899829626083,0.4,1000,29,197,0.197,0.1727697505356649,0.22302825707539,197,0.197,0.1727697505356649,0.22302825707539,0.039609571788413
pre_CA_minus_OI,gaussian,G4_r14,G4,14.0,"[33.0, -39.0, 50.69999814033508]",397,11790.899829626083,0.6,1000,33,582,0.582,0.5507256214269395,0.6127902030318295,582,0.582,0.5507256214269395,0.6127902030318295,0.182816120906801
pre_CA_minus_OI,centered_signflip_diagnostic,G4_r14,G4,14.0,"[33.0, -39.0, 50.69999814033508]",397,11790.899829626083,0.6,1000,29,604,0.604,0.5729181554511269,0.634467659356253,604,0.604,0.5729181554511269,0.634467659356253,0.1845793450881612
pre_CA_minus_OI,gaussian,G4_r14,G4,14.0,"[33.0, -39.0, 50.69999814033508]",397,11790.899829626083,0.8,1000,33,892,0.892,0.8710962391200021,0.9105609670175998,892,0.892,0.8710962391200021,0.9105609670175998,0.4653098236775819
pre_CA_minus_OI,centered_signflip_diagnostic,G4_r14,G4,14.0,"[33.0, -39.0, 50.69999814033508]",397,11790.899829626083,0.8,1000,29,898,0.898,0.877554848934442,0.9160645399595132,898,0.898,0.877554848934442,0.9160645399595132,0.4661511335012595
pre_CA_minus_OI,gaussian,G4_r14,G4,14.0,"[33.0, -39.0, 50.69999814033508]",397,11790.899829626083,1.0,1000,33,993,0.993,0.9856308050210814,0.9971811412403796,993,0.993,0.9856308050210814,0.9971811412403796,0.7554231738035265
pre_CA_minus_OI,centered_signflip_diagnostic,G4_r14,G4,14.0,"[33.0, -39.0, 50.69999814033508]",397,11790.899829626083,1.0,1000,29,994,0.994,0.9869865767290256,0.9977950175148488,994,0.994,0.9869865767290256,0.9977950175148488,0.7554987405541561
pre_CA_minus_OI,gaussian,G4_r14,G4,14.0,"[33.0, -39.0, 50.69999814033508]",397,11790.899829626083,1.2,1000,33,1000,1.0,0.9963179161031344,1.0,1000,1.0,0.9963179161031344,1.0,0.9248639798488664
pre_CA_minus_OI,centered_signflip_diagnostic,G4_r14,G4,14.0,"[33.0, -39.0, 50.69999814033508]",397,11790.899829626083,1.2,1000,29,1000,1.0,0.9963179161031344,1.0,1000,1.0,0.9963179161031344,1.0,0.9248639798488664
pre_JX_minus_OI,gaussian,G1_r6,G1,6.0,"[-54.0, -45.0, 11.099998712539673]",31,920.6999866962434,0.2,1000,33,0,0.0,0.0,0.0036820838968656,1,0.001,2.5317487491294045e-05,0.0055589242798266,0.0009354838709677
pre_JX_minus_OI,centered_signflip_diagnostic,G1_r6,G1,6.0,"[-54.0, -45.0, 11.099998712539673]",31,920.6999866962434,0.2,1000,29,0,0.0,0.0,0.0036820838968656,1,0.001,2.5317487491294045e-05,0.0055589242798266,0.0009354838709677
pre_JX_minus_OI,gaussian,G1_r6,G1,6.0,"[-54.0, -45.0, 11.099998712539673]",31,920.6999866962434,0.4,1000,33,3,0.003,0.0006190999316495,0.0087420232384783,4,0.004,0.0010909079877259,0.0102096646839298,0.0033225806451612
pre_JX_minus_OI,centered_signflip_diagnostic,G1_r6,G1,6.0,"[-54.0, -45.0, 11.099998712539673]",31,920.6999866962434,0.4,1000,29,6,0.006,0.0022049824851513,0.0130134232709744,7,0.007,0.0028188587596205,0.0143691949789186,0.0061612903225806
pre_JX_minus_OI,gaussian,G1_r6,G1,6.0,"[-54.0, -45.0, 11.099998712539673]",31,920.6999866962434,0.6,1000,33,4,0.004,0.0010909079877259,0.0102096646839298,5,0.005,0.0016254195175627,0.0116294705598121,0.0045483870967741
pre_JX_minus_OI,centered_signflip_diagnostic,G1_r6,G1,6.0,"[-54.0, -45.0, 11.099998712539673]",31,920.6999866962434,0.6,1000,29,47,0.047,0.0347350622667959,0.0620126306933051,48,0.048,0.0356002653428832,0.0631401154015092,0.0459032258064516
pre_JX_minus_OI,gaussian,G1_r6,G1,6.0,"[-54.0, -45.0, 11.099998712539673]",31,920.6999866962434,0.8,1000,33,6,0.006,0.0022049824851513,0.0130134232709744,7,0.007,0.0028188587596205,0.0143691949789186,0.0059677419354838
pre_JX_minus_OI,centered_signflip_diagnostic,G1_r6,G1,6.0,"[-54.0, -45.0, 11.099998712539673]",31,920.6999866962434,0.8,1000,29,219,0.219,0.193724921983224,0.2459409048056213,220,0.22,0.1946800393388751,0.2469797923695603,0.2143870967741935
pre_JX_minus_OI,gaussian,G1_r6,G1,6.0,"[-54.0, -45.0, 11.099998712539673]",31,920.6999866962434,1.0,1000,33,7,0.007,0.0028188587596205,0.0143691949789186,7,0.007,0.0028188587596205,0.0143691949789186,0.007
pre_JX_minus_OI,centered_signflip_diagnostic,G1_r6,G1,6.0,"[-54.0, -45.0, 11.099998712539673]",31,920.6999866962434,1.0,1000,29,538,0.538,0.5065264142896462,0.5692492615713332,538,0.538,0.5065264142896462,0.5692492615713332,0.5311935483870968
pre_JX_minus_OI,gaussian,G1_r6,G1,6.0,"[-54.0, -45.0, 11.099998712539673]",31,920.6999866962434,1.2,1000,33,10,0.01,0.0048055106910493,0.0183132430551124,10,0.01,0.0048055106910493,0.0183132430551124,0.01
pre_JX_minus_OI,centered_signflip_diagnostic,G1_r6,G1,6.0,"[-54.0, -45.0, 11.099998712539673]",31,920.6999866962434,1.2,1000,29,824,0.824,0.7989534872821923,0.8471217103835686,824,0.824,0.7989534872821923,0.8471217103835686,0.8197096774193549
pre_JX_minus_OI,gaussian,G1_r10,G1,10.0,"[-54.0, -45.0, 11.099998712539673]",139,4128.299940347672,0.2,1000,33,7,0.007,0.0028188587596205,0.0143691949789186,9,0.009,0.0041233956603424,0.0170157830698945,0.0026906474820143
pre_JX_minus_OI,centered_signflip_diagnostic,G1_r10,G1,10.0,"[-54.0, -45.0, 11.099998712539673]",139,4128.299940347672,0.2,1000,29,7,0.007,0.0028188587596205,0.0143691949789186,9,0.009,0.0041233956603424,0.0170157830698945,0.0026906474820143
pre_JX_minus_OI,gaussian,G1_r10,G1,10.0,"[-54.0, -45.0, 11.099998712539673]",139,4128.299940347672,0.4,1000,33,61,0.061,0.0469778755410802,0.0776707740491235,63,0.063,0.0487469275565805,0.0798880418733545,0.0265971223021582
pre_JX_minus_OI,centered_signflip_diagnostic,G1_r10,G1,10.0,"[-54.0, -45.0, 11.099998712539673]",139,4128.299940347672,0.4,1000,29,68,0.068,0.0531880997604019,0.085413050191431,70,0.07,0.0549715249191699,0.0876162334892846,0.0281223021582733
pre_JX_minus_OI,gaussian,G1_r10,G1,10.0,"[-54.0, -45.0, 11.099998712539673]",139,4128.299940347672,0.6,1000,33,287,0.287,0.2591242028227112,0.3161358360754747,287,0.287,0.2591242028227112,0.3161358360754747,0.1448633093525179
pre_JX_minus_OI,centered_signflip_diagnostic,G1_r10,G1,10.0,"[-54.0, -45.0, 11.099998712539673]",139,4128.299940347672,0.6,1000,29,305,0.305,0.2765733695316623,0.3345797312373533,305,0.305,0.2765733695316623,0.3345797312373533,0.1487482014388489
pre_JX_minus_OI,gaussian,G1_r10,G1,10.0,"[-54.0, -45.0, 11.099998712539673]",139,4128.299940347672,0.8,1000,33,655,0.655,0.6246139976951356,0.6844700767243277,655,0.655,0.6246139976951356,0.6844700767243277,0.4152949640287769
pre_JX_minus_OI,centered_signflip_diagnostic,G1_r10,G1,10.0,"[-54.0, -45.0, 11.099998712539673]",139,4128.299940347672,0.8,1000,29,690,0.69,0.6603061689626798,0.7185704096369193,690,0.69,0.6603061689626798,0.7185704096369193,0.4230935251798561
pre_JX_minus_OI,gaussian,G1_r10,G1,10.0,"[-54.0, -45.0, 11.099998712539673]",139,4128.299940347672,1.0,1000,33,924,0.924,0.9057956763550978,0.939656338820098,924,0.924,0.9057956763550978,0.939656338820098,0.7366115107913669
pre_JX_minus_OI,centered_signflip_diagnostic,G1_r10,G1,10.0,"[-54.0, -45.0, 11.099998712539673]",139,4128.299940347672,1.0,1000,29,938,0.938,0.9212200503389676,0.9521381518866388,938,0.938,0.9212200503389676,0.9521381518866388,0.7396906474820143
pre_JX_minus_OI,gaussian,G1_r10,G1,10.0,"[-54.0, -45.0, 11.099998712539673]",139,4128.299940347672,1.2,1000,33,995,0.995,0.988370529440188,0.9983745804824372,995,0.995,0.988370529440188,0.9983745804824372,0.9233021582733812
pre_JX_minus_OI,centered_signflip_diagnostic,G1_r10,G1,10.0,"[-54.0, -45.0, 11.099998712539673]",139,4128.299940347672,1.2,1000,29,996,0.996,0.98979033531607,0.998909092012274,996,0.996,0.98979033531607,0.998909092012274,0.9235323741007196
pre_JX_minus_OI,gaussian,G1_r14,G1,14.0,"[-54.0, -45.0, 11.099998712539673]",397,11790.899829626083,0.2,1000,33,20,0.02,0.0122582679724063,0.0307200326826091,22,0.022,0.0138374141720738,0.0331196645149877,0.0034710327455919
pre_JX_minus_OI,centered_signflip_diagnostic,G1_r14,G1,14.0,"[-54.0, -45.0, 11.099998712539673]",397,11790.899829626083,0.2,1000,29,23,0.023,0.0146345823251767,0.0343123376128543,24,0.024,0.0154363832335084,0.0355006385313591,0.0036851385390428
pre_JX_minus_OI,gaussian,G1_r14,G1,14.0,"[-54.0, -45.0, 11.099998712539673]",397,11790.899829626083,0.4,1000,33,142,0.142,0.1209448957097431,0.1651870383535971,142,0.142,0.1209448957097431,0.1651870383535971,0.031433249370277
pre_JX_minus_OI,centered_signflip_diagnostic,G1_r14,G1,14.0,"[-54.0, -45.0, 11.099998712539673]",397,11790.899829626083,0.4,1000,29,157,0.157,0.1349876592069308,0.1810525533607144,157,0.157,0.1349876592069308,0.1810525533607144,0.0326448362720403
pre_JX_minus_OI,gaussian,G1_r14,G1,14.0,"[-54.0, -45.0, 11.099998712539673]",397,11790.899829626083,0.6,1000,33,521,0.521,0.4895144677688221,0.5523615687672608,521,0.521,0.4895144677688221,0.5523615687672608,0.1623954659949622
pre_JX_minus_OI,centered_signflip_diagnostic,G1_r14,G1,14.0,"[-54.0, -45.0, 11.099998712539673]",397,11790.899829626083,0.6,1000,29,552,0.552,0.5205633067622518,0.5831297072680907,552,0.552,0.5205633067622518,0.5831297072680907,0.1654055415617128
pre_JX_minus_OI,gaussian,G1_r14,G1,14.0,"[-54.0, -45.0, 11.099998712539673]",397,11790.899829626083,0.8,1000,33,905,0.905,0.8851151555955479,0.922459792918345,905,0.905,0.8851151555955479,0.922459792918345,0.446816120906801
pre_JX_minus_OI,centered_signflip_diagnostic,G1_r14,G1,14.0,"[-54.0, -45.0, 11.099998712539673]",397,11790.899829626083,0.8,1000,29,921,0.921,0.9025129050930988,0.93695879719054,921,0.921,0.9025129050930988,0.93695879719054,0.4489521410579345
pre_JX_minus_OI,gaussian,G1_r14,G1,14.0,"[-54.0, -45.0, 11.099998712539673]",397,11790.899829626083,1.0,1000,33,995,0.995,0.988370529440188,0.9983745804824372,995,0.995,0.988370529440188,0.9983745804824372,0.7495012594458439
pre_JX_minus_OI,centered_signflip_diagnostic,G1_r14,G1,14.0,"[-54.0, -45.0, 11.099998712539673]",397,11790.899829626083,1.0,1000,29,996,0.996,0.98979033531607,0.998909092012274,996,0.996,0.98979033531607,0.998909092012274,0.7497304785894205
pre_JX_minus_OI,gaussian,G1_r14,G1,14.0,"[-54.0, -45.0, 11.099998712539673]",397,11790.899829626083,1.2,1000,33,1000,1.0,0.9963179161031344,1.0,1000,1.0,0.9963179161031344,1.0,0.9251133501259444
pre_JX_minus_OI,centered_signflip_diagnostic,G1_r14,G1,14.0,"[-54.0, -45.0, 11.099998712539673]",397,11790.899829626083,1.2,1000,29,1000,1.0,0.9963179161031344,1.0,1000,1.0,0.9963179161031344,1.0,0.925191435768262
pre_JX_minus_OI,gaussian,G2_r6,G2,6.0,"[36.0, 45.0, 7.799998760223389]",31,920.6999866962434,0.2,1000,33,3,0.003,0.0006190999316495,0.0087420232384783,3,0.003,0.0006190999316495,0.0087420232384783,0.0012258064516129
pre_JX_minus_OI,centered_signflip_diagnostic,G2_r6,G2,6.0,"[36.0, 45.0, 7.799998760223389]",31,920.6999866962434,0.2,1000,29,3,0.003,0.0006190999316495,0.0087420232384783,4,0.004,0.0010909079877259,0.0102096646839298,0.001258064516129
pre_JX_minus_OI,gaussian,G2_r6,G2,6.0,"[36.0, 45.0, 7.799998760223389]",31,920.6999866962434,0.4,1000,33,5,0.005,0.0016254195175627,0.0116294705598121,5,0.005,0.0016254195175627,0.0116294705598121,0.0036129032258064
pre_JX_minus_OI,centered_signflip_diagnostic,G2_r6,G2,6.0,"[36.0, 45.0, 7.799998760223389]",31,920.6999866962434,0.4,1000,29,5,0.005,0.0016254195175627,0.0116294705598121,5,0.005,0.0016254195175627,0.0116294705598121,0.0036129032258064
pre_JX_minus_OI,gaussian,G2_r6,G2,6.0,"[36.0, 45.0, 7.799998760223389]",31,920.6999866962434,0.6,1000,33,9,0.009,0.0041233956603424,0.0170157830698945,9,0.009,0.0041233956603424,0.0170157830698945,0.0081935483870967
pre_JX_minus_OI,centered_signflip_diagnostic,G2_r6,G2,6.0,"[36.0, 45.0, 7.799998760223389]",31,920.6999866962434,0.6,1000,29,26,0.026,0.0170527863456294,0.0378651224789214,26,0.026,0.0170527863456294,0.0378651224789214,0.0240322580645161
pre_JX_minus_OI,gaussian,G2_r6,G2,6.0,"[36.0, 45.0, 7.799998760223389]",31,920.6999866962434,0.8,1000,33,14,0.014,0.0076745015650207,0.0233781560103145,14,0.014,0.0076745015650207,0.0233781560103145,0.0135806451612903
pre_JX_minus_OI,centered_signflip_diagnostic,G2_r6,G2,6.0,"[36.0, 45.0, 7.799998760223389]",31,920.6999866962434,0.8,1000,29,124,0.124,0.1042031191952462,0.1460398249705473,124,0.124,0.1042031191952462,0.1460398249705473,0.1197419354838709
pre_JX_minus_OI,gaussian,G2_r6,G2,6.0,"[36.0, 45.0, 7.799998760223389]",31,920.6999866962434,1.0,1000,33,20,0.02,0.0122582679724063,0.0307200326826091,20,0.02,0.0122582679724063,0.0307200326826091,0.0198387096774193
pre_JX_minus_OI,centered_signflip_diagnostic,G2_r6,G2,6.0,"[36.0, 45.0, 7.799998760223389]",31,920.6999866962434,1.0,1000,29,409,0.409,0.3783341218763879,0.4402032308552002,409,0.409,0.3783341218763879,0.4402032308552002,0.4021290322580645
pre_JX_minus_OI,gaussian,G2_r6,G2,6.0,"[36.0, 45.0, 7.799998760223389]",31,920.6999866962434,1.2,1000,33,20,0.02,0.0122582679724063,0.0307200326826091,20,0.02,0.0122582679724063,0.0307200326826091,0.0199677419354838
pre_JX_minus_OI,centered_signflip_diagnostic,G2_r6,G2,6.0,"[36.0, 45.0, 7.799998760223389]",31,920.6999866962434,1.2,1000,29,750,0.75,0.7219499937762444,0.7765695937353198,750,0.75,0.7219499937762444,0.7765695937353198,0.7433548387096774
pre_JX_minus_OI,gaussian,G2_r10,G2,10.0,"[36.0, 45.0, 7.799998760223389]",139,4128.299940347672,0.2,1000,33,6,0.006,0.0022049824851513,0.0130134232709744,6,0.006,0.0022049824851513,0.0130134232709744,0.0014532374100719
pre_JX_minus_OI,centered_signflip_diagnostic,G2_r10,G2,10.0,"[36.0, 45.0, 7.799998760223389]",139,4128.299940347672,0.2,1000,29,9,0.009,0.0041233956603424,0.0170157830698945,9,0.009,0.0041233956603424,0.0170157830698945,0.0020359712230215
pre_JX_minus_OI,gaussian,G2_r10,G2,10.0,"[36.0, 45.0, 7.799998760223389]",139,4128.299940347672,0.4,1000,33,66,0.066,0.0514085660189184,0.0832060504614027,66,0.066,0.0514085660189184,0.0832060504614027,0.0234748201438848
pre_JX_minus_OI,centered_signflip_diagnostic,G2_r10,G2,10.0,"[36.0, 45.0, 7.799998760223389]",139,4128.299940347672,0.4,1000,29,80,0.08,0.0639419828466733,0.0985797790479021,80,0.08,0.0639419828466733,0.0985797790479021,0.0264316546762589
pre_JX_minus_OI,gaussian,G2_r10,G2,10.0,"[36.0, 45.0, 7.799998760223389]",139,4128.299940347672,0.6,1000,33,313,0.313,0.2843452029487084,0.3427604157500318,313,0.313,0.2843452029487084,0.3427604157500318,0.1412949640287769
pre_JX_minus_OI,centered_signflip_diagnostic,G2_r10,G2,10.0,"[36.0, 45.0, 7.799998760223389]",139,4128.299940347672,0.6,1000,29,343,0.343,0.313576448864037,0.3733513227955689,343,0.343,0.313576448864037,0.3733513227955689,0.1478633093525179
pre_JX_minus_OI,gaussian,G2_r10,G2,10.0,"[36.0, 45.0, 7.799998760223389]",139,4128.299940347672,0.8,1000,33,710,0.71,0.6807865098815258,0.7379712849550526,710,0.71,0.6807865098815258,0.7379712849550526,0.4140647482014388
pre_JX_minus_OI,centered_signflip_diagnostic,G2_r10,G2,10.0,"[36.0, 45.0, 7.799998760223389]",139,4128.299940347672,0.8,1000,29,737,0.737,0.7085406385607358,0.7640564753197067,737,0.737,0.7085406385607358,0.7640564753197067,0.4199424460431654
pre_JX_minus_OI,gaussian,G2_r10,G2,10.0,"[36.0, 45.0, 7.799998760223389]",139,4128.299940347672,1.0,1000,33,954,0.954,0.9391164472862572,0.966128501452322,954,0.954,0.9391164472862572,0.966128501452322,0.7221942446043166
pre_JX_minus_OI,centered_signflip_diagnostic,G2_r10,G2,10.0,"[36.0, 45.0, 7.799998760223389]",139,4128.299940347672,1.0,1000,29,962,0.962,0.948212896378036,0.972971184017016,962,0.962,0.948212896378036,0.972971184017016,0.7239640287769784
pre_JX_minus_OI,gaussian,G2_r10,G2,10.0,"[36.0, 45.0, 7.799998760223389]",139,4128.299940347672,1.2,1000,33,998,0.998,0.9927941610885423,0.9997576988831228,998,0.998,0.9927941610885423,0.9997576988831228,0.9171510791366906
pre_JX_minus_OI,centered_signflip_diagnostic,G2_r10,G2,10.0,"[36.0, 45.0, 7.799998760223389]",139,4128.299940347672,1.2,1000,29,998,0.998,0.9927941610885423,0.9997576988831228,998,0.998,0.9927941610885423,0.9997576988831228,0.9171510791366906
pre_JX_minus_OI,gaussian,G2_r14,G2,14.0,"[36.0, 45.0, 7.799998760223389]",397,11790.899829626083,0.2,1000,33,22,0.022,0.0138374141720738,0.0331196645149877,24,0.024,0.0154363832335084,0.0355006385313591,0.002816120906801
pre_JX_minus_OI,centered_signflip_diagnostic,G2_r14,G2,14.0,"[36.0, 45.0, 7.799998760223389]",397,11790.899829626083,0.2,1000,29,29,0.029,0.0195059373243846,0.0413847191164019,31,0.031,0.0211581719702086,0.0437150850062389,0.0032997481108312
pre_JX_minus_OI,gaussian,G2_r14,G2,14.0,"[36.0, 45.0, 7.799998760223389]",397,11790.899829626083,0.4,1000,33,183,0.183,0.1594958343308956,0.2083866245441324,184,0.184,0.160442283184788,0.2094341334145285,0.0341158690176322
pre_JX_minus_OI,centered_signflip_diagnostic,G2_r14,G2,14.0,"[36.0, 45.0, 7.799998760223389]",397,11790.899829626083,0.4,1000,29,197,0.197,0.1727697505356649,0.22302825707539,198,0.198,0.1737197811041495,0.2240722051716183,0.0352418136020151
pre_JX_minus_OI,gaussian,G2_r14,G2,14.0,"[36.0, 45.0, 7.799998760223389]",397,11790.899829626083,0.6,1000,33,585,0.585,0.5537481738680581,0.6157499260746572,585,0.585,0.5537481738680581,0.6157499260746572,0.1680251889168766
pre_JX_minus_OI,centered_signflip_diagnostic,G2_r14,G2,14.0,"[36.0, 45.0, 7.799998760223389]",397,11790.899829626083,0.6,1000,29,616,0.616,0.5850500048195575,0.6462648624488312,616,0.616,0.5850500048195575,0.6462648624488312,0.1710302267002519
pre_JX_minus_OI,gaussian,G2_r14,G2,14.0,"[36.0, 45.0, 7.799998760223389]",397,11790.899829626083,0.8,1000,33,931,0.931,0.9134848906542884,0.9459206642067436,931,0.931,0.9134848906542884,0.9459206642067436,0.446448362720403
pre_JX_minus_OI,centered_signflip_diagnostic,G2_r14,G2,14.0,"[36.0, 45.0, 7.799998760223389]",397,11790.899829626083,0.8,1000,29,944,0.944,0.9278922537167472,0.9574244503133827,944,0.944,0.9278922537167472,0.9574244503133827,0.4486675062972292
pre_JX_minus_OI,gaussian,G2_r14,G2,14.0,"[36.0, 45.0, 7.799998760223389]",397,11790.899829626083,1.0,1000,33,998,0.998,0.9927941610885423,0.9997576988831228,998,0.998,0.9927941610885423,0.9997576988831228,0.7381234256926953
pre_JX_minus_OI,centered_signflip_diagnostic,G2_r14,G2,14.0,"[36.0, 45.0, 7.799998760223389]",397,11790.899829626083,1.0,1000,29,1000,1.0,0.9963179161031344,1.0,1000,1.0,0.9963179161031344,1.0,0.7384382871536525
pre_JX_minus_OI,gaussian,G2_r14,G2,14.0,"[36.0, 45.0, 7.799998760223389]",397,11790.899829626083,1.2,1000,33,1000,1.0,0.9963179161031344,1.0,1000,1.0,0.9963179161031344,1.0,0.9195491183879092
pre_JX_minus_OI,centered_signflip_diagnostic,G2_r14,G2,14.0,"[36.0, 45.0, 7.799998760223389]",397,11790.899829626083,1.2,1000,29,1000,1.0,0.9963179161031344,1.0,1000,1.0,0.9963179161031344,1.0,0.9195491183879092
pre_JX_minus_OI,gaussian,G3_r6,G3,6.0,"[33.0, -66.0, -41.700000524520874]",31,920.6999866962434,0.2,1000,33,1,0.001,2.5317487491294045e-05,0.0055589242798266,1,0.001,2.5317487491294045e-05,0.0055589242798266,0.0008387096774193
pre_JX_minus_OI,centered_signflip_diagnostic,G3_r6,G3,6.0,"[33.0, -66.0, -41.700000524520874]",31,920.6999866962434,0.2,1000,29,1,0.001,2.5317487491294045e-05,0.0055589242798266,1,0.001,2.5317487491294045e-05,0.0055589242798266,0.0008387096774193
pre_JX_minus_OI,gaussian,G3_r6,G3,6.0,"[33.0, -66.0, -41.700000524520874]",31,920.6999866962434,0.4,1000,33,2,0.002,0.0002423011168772,0.0072058389114574,2,0.002,0.0002423011168772,0.0072058389114574,0.0019032258064516
pre_JX_minus_OI,centered_signflip_diagnostic,G3_r6,G3,6.0,"[33.0, -66.0, -41.700000524520874]",31,920.6999866962434,0.4,1000,29,5,0.005,0.0016254195175627,0.0116294705598121,5,0.005,0.0016254195175627,0.0116294705598121,0.0046774193548387
pre_JX_minus_OI,gaussian,G3_r6,G3,6.0,"[33.0, -66.0, -41.700000524520874]",31,920.6999866962434,0.6,1000,33,5,0.005,0.0016254195175627,0.0116294705598121,5,0.005,0.0016254195175627,0.0116294705598121,0.0046451612903225
pre_JX_minus_OI,centered_signflip_diagnostic,G3_r6,G3,6.0,"[33.0, -66.0, -41.700000524520874]",31,920.6999866962434,0.6,1000,29,40,0.04,0.0287276252858908,0.0540726968193685,40,0.04,0.0287276252858908,0.0540726968193685,0.0383225806451612
pre_JX_minus_OI,gaussian,G3_r6,G3,6.0,"[33.0, -66.0, -41.700000524520874]",31,920.6999866962434,0.8,1000,33,8,0.008,0.0034599761653293,0.0157020491760746,8,0.008,0.0034599761653293,0.0157020491760746,0.0078709677419354
pre_JX_minus_OI,centered_signflip_diagnostic,G3_r6,G3,6.0,"[33.0, -66.0, -41.700000524520874]",31,920.6999866962434,0.8,1000,29,211,0.211,0.1860919540107737,0.2376218722355964,211,0.211,0.1860919540107737,0.2376218722355964,0.2061935483870967
pre_JX_minus_OI,gaussian,G3_r6,G3,6.0,"[33.0, -66.0, -41.700000524520874]",31,920.6999866962434,1.0,1000,33,9,0.009,0.0041233956603424,0.0170157830698945,9,0.009,0.0041233956603424,0.0170157830698945,0.009
pre_JX_minus_OI,centered_signflip_diagnostic,G3_r6,G3,6.0,"[33.0, -66.0, -41.700000524520874]",31,920.6999866962434,1.0,1000,29,516,0.516,0.4845177802207621,0.5473877721454374,516,0.516,0.4845177802207621,0.5473877721454374,0.508741935483871
pre_JX_minus_OI,gaussian,G3_r6,G3,6.0,"[33.0, -66.0, -41.700000524520874]",31,920.6999866962434,1.2,1000,33,9,0.009,0.0041233956603424,0.0170157830698945,9,0.009,0.0041233956603424,0.0170157830698945,0.009
pre_JX_minus_OI,centered_signflip_diagnostic,G3_r6,G3,6.0,"[33.0, -66.0, -41.700000524520874]",31,920.6999866962434,1.2,1000,29,807,0.807,0.7811499964179454,0.8310278967302053,807,0.807,0.7811499964179454,0.8310278967302053,0.8011290322580645
pre_JX_minus_OI,gaussian,G3_r10,G3,10.0,"[33.0, -66.0, -41.700000524520874]",139,4128.299940347672,0.2,1000,33,3,0.003,0.0006190999316495,0.0087420232384783,6,0.006,0.0022049824851513,0.0130134232709744,0.0014532374100719
pre_JX_minus_OI,centered_signflip_diagnostic,G3_r10,G3,10.0,"[33.0, -66.0, -41.700000524520874]",139,4128.299940347672,0.2,1000,29,4,0.004,0.0010909079877259,0.0102096646839298,7,0.007,0.0028188587596205,0.0143691949789186,0.0016762589928057
pre_JX_minus_OI,gaussian,G3_r10,G3,10.0,"[33.0, -66.0, -41.700000524520874]",139,4128.299940347672,0.4,1000,33,66,0.066,0.0514085660189184,0.0832060504614027,67,0.067,0.0522978364000451,0.0843100371024414,0.025820143884892
pre_JX_minus_OI,centered_signflip_diagnostic,G3_r10,G3,10.0,"[33.0, -66.0, -41.700000524520874]",139,4128.299940347672,0.4,1000,29,75,0.075,0.0594461282112631,0.0931084469614991,76,0.076,0.0603436611799018,0.0942043236449021,0.0277482014388489
pre_JX_minus_OI,gaussian,G3_r10,G3,10.0,"[33.0, -66.0, -41.700000524520874]",139,4128.299940347672,0.6,1000,33,305,0.305,0.2765733695316623,0.3345797312373533,305,0.305,0.2765733695316623,0.3345797312373533,0.1545323741007194
pre_JX_minus_OI,centered_signflip_diagnostic,G3_r10,G3,10.0,"[33.0, -66.0, -41.700000524520874]",139,4128.299940347672,0.6,1000,29,333,0.333,0.3038178024201579,0.3631692178520081,333,0.333,0.3038178024201579,0.3631692178520081,0.1606043165467626
pre_JX_minus_OI,gaussian,G3_r10,G3,10.0,"[33.0, -66.0, -41.700000524520874]",139,4128.299940347672,0.8,1000,33,677,0.677,0.6470276352361596,0.70592606325204,677,0.677,0.6470276352361596,0.70592606325204,0.4371942446043165
pre_JX_minus_OI,centered_signflip_diagnostic,G3_r10,G3,10.0,"[33.0, -66.0, -41.700000524520874]",139,4128.299940347672,0.8,1000,29,695,0.695,0.6654202687626467,0.7234266304683377,695,0.695,0.6654202687626467,0.7234266304683377,0.4411294964028777
pre_JX_minus_OI,gaussian,G3_r10,G3,10.0,"[33.0, -66.0, -41.700000524520874]",139,4128.299940347672,1.0,1000,33,919,0.919,0.9003283010315127,0.935156460291505,919,0.919,0.9003283010315127,0.935156460291505,0.7369136690647482
pre_JX_minus_OI,centered_signflip_diagnostic,G3_r10,G3,10.0,"[33.0, -66.0, -41.700000524520874]",139,4128.299940347672,1.0,1000,29,927,0.927,0.9090858246054988,0.9423463747720674,927,0.927,0.9090858246054988,0.9423463747720674,0.7386978417266187
pre_JX_minus_OI,gaussian,G3_r10,G3,10.0,"[33.0, -66.0, -41.700000524520874]",139,4128.299940347672,1.2,1000,33,995,0.995,0.988370529440188,0.9983745804824372,995,0.995,0.988370529440188,0.9983745804824372,0.9188057553956834
pre_JX_minus_OI,centered_signflip_diagnostic,G3_r10,G3,10.0,"[33.0, -66.0, -41.700000524520874]",139,4128.299940347672,1.2,1000,29,999,0.999,0.9944410757201734,0.9999746825125088,999,0.999,0.9944410757201734,0.9999746825125088,0.9196906474820143
pre_JX_minus_OI,gaussian,G3_r14,G3,14.0,"[33.0, -66.0, -41.700000524520874]",397,11790.899829626083,0.2,1000,33,21,0.021,0.0130451922903876,0.0319223351804155,22,0.022,0.0138374141720738,0.0331196645149877,0.0028614609571788
pre_JX_minus_OI,centered_signflip_diagnostic,G3_r14,G3,14.0,"[33.0, -66.0, -41.700000524520874]",397,11790.899829626083,0.2,1000,29,24,0.024,0.0154363832335084,0.0355006385313591,25,0.025,0.0162425356968822,0.036684823051923,0.0030478589420654
pre_JX_minus_OI,gaussian,G3_r14,G3,14.0,"[33.0, -66.0, -41.700000524520874]",397,11790.899829626083,0.4,1000,33,159,0.159,0.1368656923385322,0.1831623348174766,159,0.159,0.1368656923385322,0.1831623348174766,0.0350957178841309
pre_JX_minus_OI,centered_signflip_diagnostic,G3_r14,G3,14.0,"[33.0, -66.0, -41.700000524520874]",397,11790.899829626083,0.4,1000,29,175,0.175,0.1519340329095306,0.1999968255693369,175,0.175,0.1519340329095306,0.1999968255693369,0.0363954659949622
pre_JX_minus_OI,gaussian,G3_r14,G3,14.0,"[33.0, -66.0, -41.700000524520874]",397,11790.899829626083,0.6,1000,33,525,0.525,0.4935140489638563,0.5563383743642377,525,0.525,0.4935140489638563,0.5563383743642377,0.1802166246851385
pre_JX_minus_OI,centered_signflip_diagnostic,G3_r14,G3,14.0,"[33.0, -66.0, -41.700000524520874]",397,11790.899829626083,0.6,1000,29,547,0.547,0.5155473142694613,0.5781752233708395,547,0.547,0.5155473142694613,0.5781752233708395,0.1823727959697733
pre_JX_minus_OI,gaussian,G3_r14,G3,14.0,"[33.0, -66.0, -41.700000524520874]",397,11790.899829626083,0.8,1000,33,848,0.848,0.8242275312668874,0.8697017496750181,848,0.848,0.8242275312668874,0.8697017496750181,0.4588690176322418
pre_JX_minus_OI,centered_signflip_diagnostic,G3_r14,G3,14.0,"[33.0, -66.0, -41.700000524520874]",397,11790.899829626083,0.8,1000,29,862,0.862,0.8390570783886684,0.8827864176914192,862,0.862,0.8390570783886684,0.8827864176914192,0.4603299748110831
pre_JX_minus_OI,gaussian,G3_r14,G3,14.0,"[33.0, -66.0, -41.700000524520874]",397,11790.899829626083,1.0,1000,33,979,0.979,0.9680776648195843,0.9869548077096124,979,0.979,0.9680776648195843,0.9869548077096124,0.7498866498740554
pre_JX_minus_OI,centered_signflip_diagnostic,G3_r14,G3,14.0,"[33.0, -66.0, -41.700000524520874]",397,11790.899829626083,1.0,1000,29,981,0.981,0.9704875983749022,0.988522963006899,981,0.981,0.9704875983749022,0.988522963006899,0.750183879093199
pre_JX_minus_OI,gaussian,G3_r14,G3,14.0,"[33.0, -66.0, -41.700000524520874]",397,11790.899829626083,1.2,1000,33,1000,1.0,0.9963179161031344,1.0,1000,1.0,0.9963179161031344,1.0,0.9248337531486146
pre_JX_minus_OI,centered_signflip_diagnostic,G3_r14,G3,14.0,"[33.0, -66.0, -41.700000524520874]",397,11790.899829626083,1.2,1000,29,1000,1.0,0.9963179161031344,1.0,1000,1.0,0.9963179161031344,1.0,0.9248337531486146
pre_JX_minus_OI,gaussian,G4_r6,G4,6.0,"[33.0, -39.0, 50.69999814033508]",31,920.6999866962434,0.2,1000,33,2,0.002,0.0002423011168772,0.0072058389114574,4,0.004,0.0010909079877259,0.0102096646839298,0.0016451612903225
pre_JX_minus_OI,centered_signflip_diagnostic,G4_r6,G4,6.0,"[33.0, -39.0, 50.69999814033508]",31,920.6999866962434,0.2,1000,29,2,0.002,0.0002423011168772,0.0072058389114574,5,0.005,0.0016254195175627,0.0116294705598121,0.0018064516129032
pre_JX_minus_OI,gaussian,G4_r6,G4,6.0,"[33.0, -39.0, 50.69999814033508]",31,920.6999866962434,0.4,1000,33,4,0.004,0.0010909079877259,0.0102096646839298,5,0.005,0.0016254195175627,0.0116294705598121,0.0030967741935483
pre_JX_minus_OI,centered_signflip_diagnostic,G4_r6,G4,6.0,"[33.0, -39.0, 50.69999814033508]",31,920.6999866962434,0.4,1000,29,6,0.006,0.0022049824851513,0.0130134232709744,7,0.007,0.0028188587596205,0.0143691949789186,0.0044838709677419
pre_JX_minus_OI,gaussian,G4_r6,G4,6.0,"[33.0, -39.0, 50.69999814033508]",31,920.6999866962434,0.6,1000,33,7,0.007,0.0028188587596205,0.0143691949789186,7,0.007,0.0028188587596205,0.0143691949789186,0.0060645161290322
pre_JX_minus_OI,centered_signflip_diagnostic,G4_r6,G4,6.0,"[33.0, -39.0, 50.69999814033508]",31,920.6999866962434,0.6,1000,29,28,0.028,0.0186846861955375,0.0402148873738433,28,0.028,0.0186846861955375,0.0402148873738433,0.0260967741935483
pre_JX_minus_OI,gaussian,G4_r6,G4,6.0,"[33.0, -39.0, 50.69999814033508]",31,920.6999866962434,0.8,1000,33,12,0.012,0.0062155255595952,0.0208676795910364,12,0.012,0.0062155255595952,0.0208676795910364,0.0118709677419354
pre_JX_minus_OI,centered_signflip_diagnostic,G4_r6,G4,6.0,"[33.0, -39.0, 50.69999814033508]",31,920.6999866962434,0.8,1000,29,136,0.136,0.1153501776238816,0.1588186309140217,136,0.136,0.1153501776238816,0.1588186309140217,0.1327741935483871
pre_JX_minus_OI,gaussian,G4_r6,G4,6.0,"[33.0, -39.0, 50.69999814033508]",31,920.6999866962434,1.0,1000,33,13,0.013,0.0069396175028514,0.0221278036367784,13,0.013,0.0069396175028514,0.0221278036367784,0.0129677419354838
pre_JX_minus_OI,centered_signflip_diagnostic,G4_r6,G4,6.0,"[33.0, -39.0, 50.69999814033508]",31,920.6999866962434,1.0,1000,29,433,0.433,0.4020257423234141,0.4643698269410771,433,0.433,0.4020257423234141,0.4643698269410771,0.4261612903225806
pre_JX_minus_OI,gaussian,G4_r6,G4,6.0,"[33.0, -39.0, 50.69999814033508]",31,920.6999866962434,1.2,1000,33,14,0.014,0.0076745015650207,0.0233781560103145,14,0.014,0.0076745015650207,0.0233781560103145,0.014
pre_JX_minus_OI,centered_signflip_diagnostic,G4_r6,G4,6.0,"[33.0, -39.0, 50.69999814033508]",31,920.6999866962434,1.2,1000,29,765,0.765,0.737462334568646,0.7909676419553782,765,0.765,0.737462334568646,0.7909676419553782,0.7593548387096773
pre_JX_minus_OI,gaussian,G4_r10,G4,10.0,"[33.0, -39.0, 50.69999814033508]",139,4128.299940347672,0.2,1000,33,9,0.009,0.0041233956603424,0.0170157830698945,10,0.01,0.0048055106910493,0.0183132430551124,0.00268345323741
pre_JX_minus_OI,centered_signflip_diagnostic,G4_r10,G4,10.0,"[33.0, -39.0, 50.69999814033508]",139,4128.299940347672,0.2,1000,29,10,0.01,0.0048055106910493,0.0183132430551124,11,0.011,0.0055035941923135,0.0195966282220165,0.0028561151079136
pre_JX_minus_OI,gaussian,G4_r10,G4,10.0,"[33.0, -39.0, 50.69999814033508]",139,4128.299940347672,0.4,1000,33,68,0.068,0.0531880997604019,0.085413050191431,68,0.068,0.0531880997604019,0.085413050191431,0.0260719424460431
pre_JX_minus_OI,centered_signflip_diagnostic,G4_r10,G4,10.0,"[33.0, -39.0, 50.69999814033508]",139,4128.299940347672,0.4,1000,29,78,0.078,0.062141213132714,0.0963936334025829,78,0.078,0.062141213132714,0.0963936334025829,0.0281870503597122
pre_JX_minus_OI,gaussian,G4_r10,G4,10.0,"[33.0, -39.0, 50.69999814033508]",139,4128.299940347672,0.6,1000,33,314,0.314,0.2853173846649503,0.3437823005963051,314,0.314,0.2853173846649503,0.3437823005963051,0.1484604316546762
pre_JX_minus_OI,centered_signflip_diagnostic,G4_r10,G4,10.0,"[33.0, -39.0, 50.69999814033508]",139,4128.299940347672,0.6,1000,29,342,0.342,0.3125999284046649,0.3723337667365755,342,0.342,0.3125999284046649,0.3723337667365755,0.1546043165467625
pre_JX_minus_OI,gaussian,G4_r10,G4,10.0,"[33.0, -39.0, 50.69999814033508]",139,4128.299940347672,0.8,1000,33,693,0.693,0.663374157538728,0.7214846146935102,693,0.693,0.663374157538728,0.7214846146935102,0.4206258992805755
pre_JX_minus_OI,centered_signflip_diagnostic,G4_r10,G4,10.0,"[33.0, -39.0, 50.69999814033508]",139,4128.299940347672,0.8,1000,29,726,0.726,0.697218181689991,0.753444445084533,726,0.726,0.697218181689991,0.753444445084533,0.4278345323741007
pre_JX_minus_OI,gaussian,G4_r10,G4,10.0,"[33.0, -39.0, 50.69999814033508]",139,4128.299940347672,1.0,1000,33,946,0.946,0.9301259944229326,0.9591766488743692,946,0.946,0.9301259944229326,0.9591766488743692,0.7374460431654676
pre_JX_minus_OI,centered_signflip_diagnostic,G4_r10,G4,10.0,"[33.0, -39.0, 50.69999814033508]",139,4128.299940347672,1.0,1000,29,955,0.955,0.9402471673065922,0.9669903745688512,955,0.955,0.9402471673065922,0.9669903745688512,0.7394172661870503
pre_JX_minus_OI,gaussian,G4_r10,G4,10.0,"[33.0, -39.0, 50.69999814033508]",139,4128.299940347672,1.2,1000,33,995,0.995,0.988370529440188,0.9983745804824372,995,0.995,0.988370529440188,0.9983745804824372,0.9214604316546764
pre_JX_minus_OI,centered_signflip_diagnostic,G4_r10,G4,10.0,"[33.0, -39.0, 50.69999814033508]",139,4128.299940347672,1.2,1000,29,996,0.996,0.98979033531607,0.998909092012274,996,0.996,0.98979033531607,0.998909092012274,0.9216906474820143
pre_JX_minus_OI,gaussian,G4_r14,G4,14.0,"[33.0, -39.0, 50.69999814033508]",397,11790.899829626083,0.2,1000,33,23,0.023,0.0146345823251767,0.0343123376128543,23,0.023,0.0146345823251767,0.0343123376128543,0.0036297229219143
pre_JX_minus_OI,centered_signflip_diagnostic,G4_r14,G4,14.0,"[33.0, -39.0, 50.69999814033508]",397,11790.899829626083,0.2,1000,29,26,0.026,0.0170527863456294,0.0378651224789214,26,0.026,0.0170527863456294,0.0378651224789214,0.0038564231738035
pre_JX_minus_OI,gaussian,G4_r14,G4,14.0,"[33.0, -39.0, 50.69999814033508]",397,11790.899829626083,0.4,1000,33,174,0.174,0.1509900584760255,0.1989468579930365,174,0.174,0.1509900584760255,0.1989468579930365,0.0358362720403022
pre_JX_minus_OI,centered_signflip_diagnostic,G4_r14,G4,14.0,"[33.0, -39.0, 50.69999814033508]",397,11790.899829626083,0.4,1000,29,188,0.188,0.1642307234013188,0.2136215401631289,188,0.188,0.1642307234013188,0.2136215401631289,0.0370151133501259
pre_JX_minus_OI,gaussian,G4_r14,G4,14.0,"[33.0, -39.0, 50.69999814033508]",397,11790.899829626083,0.6,1000,33,545,0.545,0.5135417946628287,0.5761925519209226,545,0.545,0.5135417946628287,0.5761925519209226,0.1709420654911839
pre_JX_minus_OI,centered_signflip_diagnostic,G4_r14,G4,14.0,"[33.0, -39.0, 50.69999814033508]",397,11790.899829626083,0.6,1000,29,568,0.568,0.5366356431977659,0.5989628812297352,568,0.568,0.5366356431977659,0.5989628812297352,0.1730755667506297
pre_JX_minus_OI,gaussian,G4_r14,G4,14.0,"[33.0, -39.0, 50.69999814033508]",397,11790.899829626083,0.8,1000,33,910,0.91,0.8905334268616608,0.9270095335433772,910,0.91,0.8905334268616608,0.9270095335433772,0.4520327455919395
pre_JX_minus_OI,centered_signflip_diagnostic,G4_r14,G4,14.0,"[33.0, -39.0, 50.69999814033508]",397,11790.899829626083,0.8,1000,29,919,0.919,0.9003283010315127,0.935156460291505,919,0.919,0.9003283010315127,0.935156460291505,0.4533375314861461
pre_JX_minus_OI,gaussian,G4_r14,G4,14.0,"[33.0, -39.0, 50.69999814033508]",397,11790.899829626083,1.0,1000,33,990,0.99,0.9816867569448876,0.9951944893089508,990,0.99,0.9816867569448876,0.9951944893089508,0.748448362720403
pre_JX_minus_OI,centered_signflip_diagnostic,G4_r14,G4,14.0,"[33.0, -39.0, 50.69999814033508]",397,11790.899829626083,1.0,1000,29,994,0.994,0.9869865767290256,0.9977950175148488,994,0.994,0.9869865767290256,0.9977950175148488,0.748904282115869
pre_JX_minus_OI,gaussian,G4_r14,G4,14.0,"[33.0, -39.0, 50.69999814033508]",397,11790.899829626083,1.2,1000,33,1000,1.0,0.9963179161031344,1.0,1000,1.0,0.9963179161031344,1.0,0.9250403022670024
pre_JX_minus_OI,centered_signflip_diagnostic,G4_r14,G4,14.0,"[33.0, -39.0, 50.69999814033508]",397,11790.899829626083,1.2,1000,29,1000,1.0,0.9963179161031344,1.0,1000,1.0,0.9963179161031344,1.0,0.9250403022670024
interaction_CA_minus_JX,gaussian,G1_r6,G1,6.0,"[-54.0, -45.0, 11.099998712539673]",31,920.6999866962434,0.2,1000,29,4,0.004,0.0010909079877259,0.0102096646839298,6,0.006,0.0022049824851513,0.0130134232709744,0.0036774193548387
interaction_CA_minus_JX,centered_signflip_diagnostic,G1_r6,G1,6.0,"[-54.0, -45.0, 11.099998712539673]",31,920.6999866962434,0.2,1000,27,4,0.004,0.0010909079877259,0.0102096646839298,6,0.006,0.0022049824851513,0.0130134232709744,0.0036774193548387
interaction_CA_minus_JX,gaussian,G1_r6,G1,6.0,"[-54.0, -45.0, 11.099998712539673]",31,920.6999866962434,0.4,1000,29,14,0.014,0.0076745015650207,0.0233781560103145,14,0.014,0.0076745015650207,0.0233781560103145,0.0114193548387096
interaction_CA_minus_JX,centered_signflip_diagnostic,G1_r6,G1,6.0,"[-54.0, -45.0, 11.099998712539673]",31,920.6999866962434,0.4,1000,27,17,0.017,0.0099335125927165,0.0270794968648513,17,0.017,0.0099335125927165,0.0270794968648513,0.0139677419354838
interaction_CA_minus_JX,gaussian,G1_r6,G1,6.0,"[-54.0, -45.0, 11.099998712539673]",31,920.6999866962434,0.6,1000,29,49,0.049,0.0364670591720478,0.0642660531401696,49,0.049,0.0364670591720478,0.0642660531401696,0.0469032258064516
interaction_CA_minus_JX,centered_signflip_diagnostic,G1_r6,G1,6.0,"[-54.0, -45.0, 11.099998712539673]",31,920.6999866962434,0.6,1000,27,65,0.065,0.0505203096896179,0.082101069921371,65,0.065,0.0505203096896179,0.082101069921371,0.061
interaction_CA_minus_JX,gaussian,G1_r6,G1,6.0,"[-54.0, -45.0, 11.099998712539673]",31,920.6999866962434,0.8,1000,29,194,0.194,0.1699211409475366,0.219894938973141,194,0.194,0.1699211409475366,0.219894938973141,0.1905806451612903
interaction_CA_minus_JX,centered_signflip_diagnostic,G1_r6,G1,6.0,"[-54.0, -45.0, 11.099998712539673]",31,920.6999866962434,0.8,1000,27,232,0.232,0.2061581378286622,0.2594298304536697,232,0.232,0.2061581378286622,0.2594298304536697,0.2243870967741935
interaction_CA_minus_JX,gaussian,G1_r6,G1,6.0,"[-54.0, -45.0, 11.099998712539673]",31,920.6999866962434,1.0,1000,29,499,0.499,0.4675521862537382,0.5304537166614576,499,0.499,0.4675521862537382,0.5304537166614576,0.4930967741935483
interaction_CA_minus_JX,centered_signflip_diagnostic,G1_r6,G1,6.0,"[-54.0, -45.0, 11.099998712539673]",31,920.6999866962434,1.0,1000,27,565,0.565,0.5336196136786944,0.595996629368424,565,0.565,0.5336196136786944,0.595996629368424,0.5516129032258065
interaction_CA_minus_JX,gaussian,G1_r6,G1,6.0,"[-54.0, -45.0, 11.099998712539673]",31,920.6999866962434,1.2,1000,29,789,0.789,0.7623781277644036,0.8139080459892263,789,0.789,0.7623781277644036,0.8139080459892263,0.7842903225806451
interaction_CA_minus_JX,centered_signflip_diagnostic,G1_r6,G1,6.0,"[-54.0, -45.0, 11.099998712539673]",31,920.6999866962434,1.2,1000,27,832,0.832,0.8073589445854947,0.8546677507252728,832,0.832,0.8073589445854947,0.8546677507252728,0.8226129032258065
interaction_CA_minus_JX,gaussian,G1_r10,G1,10.0,"[-54.0, -45.0, 11.099998712539673]",139,4128.299940347672,0.2,1000,29,19,0.019,0.0114770369931009,0.0295124016250978,21,0.021,0.0130451922903876,0.0319223351804155,0.0063381294964028
interaction_CA_minus_JX,centered_signflip_diagnostic,G1_r10,G1,10.0,"[-54.0, -45.0, 11.099998712539673]",139,4128.299940347672,0.2,1000,27,19,0.019,0.0114770369931009,0.0295124016250978,21,0.021,0.0130451922903876,0.0319223351804155,0.0063381294964028
interaction_CA_minus_JX,gaussian,G1_r10,G1,10.0,"[-54.0, -45.0, 11.099998712539673]",139,4128.299940347672,0.4,1000,29,96,0.096,0.0784520362474224,0.1159666433628768,98,0.098,0.0802775054510051,0.1181284544312361,0.0388992805755395
interaction_CA_minus_JX,centered_signflip_diagnostic,G1_r10,G1,10.0,"[-54.0, -45.0, 11.099998712539673]",139,4128.299940347672,0.4,1000,27,101,0.101,0.0830201139118023,0.1213668235119683,103,0.103,0.0848513653499175,0.1235229264014257,0.0398920863309352
interaction_CA_minus_JX,gaussian,G1_r10,G1,10.0,"[-54.0, -45.0, 11.099998712539673]",139,4128.299940347672,0.6,1000,29,331,0.331,0.3018678360768294,0.3611310377311842,332,0.332,0.3028427451902084,0.3621502016852709,0.1653525179856115
interaction_CA_minus_JX,centered_signflip_diagnostic,G1_r10,G1,10.0,"[-54.0, -45.0, 11.099998712539673]",139,4128.299940347672,0.6,1000,27,342,0.342,0.3125999284046649,0.3723337667365755,343,0.343,0.313576448864037,0.3733513227955689,0.1675107913669064
interaction_CA_minus_JX,gaussian,G1_r10,G1,10.0,"[-54.0, -45.0, 11.099998712539673]",139,4128.299940347672,0.8,1000,29,698,0.698,0.6684906224585541,0.7263384640540053,699,0.699,0.6695143919445508,0.7273087561206684,0.4425107913669064
interaction_CA_minus_JX,centered_signflip_diagnostic,G1_r10,G1,10.0,"[-54.0, -45.0, 11.099998712539673]",139,4128.299940347672,0.8,1000,27,713,0.713,0.6838641639245253,0.7408757971772888,714,0.714,0.6848903812103337,0.7418436343006645,0.4455035971223021
interaction_CA_minus_JX,gaussian,G1_r10,G1,10.0,"[-54.0, -45.0, 11.099998712539673]",139,4128.299940347672,1.0,1000,29,912,0.912,0.8927052349649914,0.9288248657147136,912,0.912,0.8927052349649914,0.9288248657147136,0.7346330935251799
interaction_CA_minus_JX,centered_signflip_diagnostic,G1_r10,G1,10.0,"[-54.0, -45.0, 11.099998712539673]",139,4128.299940347672,1.0,1000,27,920,0.92,0.9014202209520978,0.9360580171533266,920,0.92,0.9014202209520978,0.9360580171533266,0.7362014388489209
interaction_CA_minus_JX,gaussian,G1_r10,G1,10.0,"[-54.0, -45.0, 11.099998712539673]",139,4128.299940347672,1.2,1000,29,987,0.987,0.9778721963632216,0.9930603824971486,987,0.987,0.9778721963632216,0.9930603824971486,0.9143237410071942
interaction_CA_minus_JX,centered_signflip_diagnostic,G1_r10,G1,10.0,"[-54.0, -45.0, 11.099998712539673]",139,4128.299940347672,1.2,1000,27,988,0.988,0.9791323204089636,0.9937844744404049,988,0.988,0.9791323204089636,0.9937844744404049,0.9145179856115108
interaction_CA_minus_JX,gaussian,G1_r14,G1,14.0,"[-54.0, -45.0, 11.099998712539673]",397,11790.899829626083,0.2,1000,29,31,0.031,0.0211581719702086,0.0437150850062389,32,0.032,0.0219888496056424,0.0448759028350092,0.0057984886649874
interaction_CA_minus_JX,centered_signflip_diagnostic,G1_r14,G1,14.0,"[-54.0, -45.0, 11.099998712539673]",397,11790.899829626083,0.2,1000,27,32,0.032,0.0219888496056424,0.0448759028350092,33,0.033,0.0228223833494595,0.0460339818170231,0.0058664987405541
interaction_CA_minus_JX,gaussian,G1_r14,G1,14.0,"[-54.0, -45.0, 11.099998712539673]",397,11790.899829626083,0.4,1000,29,164,0.164,0.1415662764543619,0.1884313275260984,166,0.166,0.1434486615841371,0.1905367885418801,0.0399294710327455
interaction_CA_minus_JX,centered_signflip_diagnostic,G1_r14,G1,14.0,"[-54.0, -45.0, 11.099998712539673]",397,11790.899829626083,0.4,1000,27,179,0.179,0.1557127345579231,0.2041939101583123,181,0.181,0.1576037418442293,0.2062908065575692,0.0410176322418136
interaction_CA_minus_JX,gaussian,G1_r14,G1,14.0,"[-54.0, -45.0, 11.099998712539673]",397,11790.899829626083,0.6,1000,29,540,0.54,0.5085301843022126,0.5712336834973311,541,0.541,0.5095322565003763,0.5722257071804637,0.1803425692695214
interaction_CA_minus_JX,centered_signflip_diagnostic,G1_r14,G1,14.0,"[-54.0, -45.0, 11.099998712539673]",397,11790.899829626083,0.6,1000,27,551,0.551,0.5195598572878695,0.5821390616137205,552,0.552,0.5205633067622518,0.5831297072680907,0.1811637279596977
interaction_CA_minus_JX,gaussian,G1_r14,G1,14.0,"[-54.0, -45.0, 11.099998712539673]",397,11790.899829626083,0.8,1000,29,881,0.881,0.8593024819773416,0.9004235081749598,881,0.881,0.8593024819773416,0.9004235081749598,0.4604861460957178
interaction_CA_minus_JX,centered_signflip_diagnostic,G1_r14,G1,14.0,"[-54.0, -45.0, 11.099998712539673]",397,11790.899829626083,0.8,1000,27,888,0.888,0.8668008344307598,0.9068814600783898,888,0.888,0.8668008344307598,0.9068814600783898,0.4615239294710327
interaction_CA_minus_JX,gaussian,G1_r14,G1,14.0,"[-54.0, -45.0, 11.099998712539673]",397,11790.899829626083,1.0,1000,29,986,0.986,0.9766218439896855,0.9923254984349792,986,0.986,0.9766218439896855,0.9923254984349792,0.7475566750629722
interaction_CA_minus_JX,centered_signflip_diagnostic,G1_r14,G1,14.0,"[-54.0, -45.0, 11.099998712539673]",397,11790.899829626083,1.0,1000,27,989,0.989,0.9804033717779836,0.9944964058076864,989,0.989,0.9804033717779836,0.9944964058076864,0.7478967254408061
interaction_CA_minus_JX,gaussian,G1_r14,G1,14.0,"[-54.0, -45.0, 11.099998712539673]",397,11790.899829626083,1.2,1000,29,1000,1.0,0.9963179161031344,1.0,1000,1.0,0.9963179161031344,1.0,0.9185012594458438
interaction_CA_minus_JX,centered_signflip_diagnostic,G1_r14,G1,14.0,"[-54.0, -45.0, 11.099998712539673]",397,11790.899829626083,1.2,1000,27,1000,1.0,0.9963179161031344,1.0,1000,1.0,0.9963179161031344,1.0,0.9185717884130984
interaction_CA_minus_JX,gaussian,G2_r6,G2,6.0,"[36.0, 45.0, 7.799998760223389]",31,920.6999866962434,0.2,1000,29,4,0.004,0.0010909079877259,0.0102096646839298,8,0.008,0.0034599761653293,0.0157020491760746,0.0035806451612903
interaction_CA_minus_JX,centered_signflip_diagnostic,G2_r6,G2,6.0,"[36.0, 45.0, 7.799998760223389]",31,920.6999866962434,0.2,1000,27,5,0.005,0.0016254195175627,0.0116294705598121,9,0.009,0.0041233956603424,0.0170157830698945,0.0043548387096774
interaction_CA_minus_JX,gaussian,G2_r6,G2,6.0,"[36.0, 45.0, 7.799998760223389]",31,920.6999866962434,0.4,1000,29,10,0.01,0.0048055106910493,0.0183132430551124,11,0.011,0.0055035941923135,0.0195966282220165,0.0085483870967741
interaction_CA_minus_JX,centered_signflip_diagnostic,G2_r6,G2,6.0,"[36.0, 45.0, 7.799998760223389]",31,920.6999866962434,0.4,1000,27,14,0.014,0.0076745015650207,0.0233781560103145,15,0.015,0.0084190497500343,0.0246197000970411,0.0119032258064516
interaction_CA_minus_JX,gaussian,G2_r6,G2,6.0,"[36.0, 45.0, 7.799998760223389]",31,920.6999866962434,0.6,1000,29,51,0.051,0.0382052367746861,0.0665134615949348,52,0.052,0.0390765349439804,0.0676350140505073,0.0493870967741935
interaction_CA_minus_JX,centered_signflip_diagnostic,G2_r6,G2,6.0,"[36.0, 45.0, 7.799998760223389]",31,920.6999866962434,0.6,1000,27,68,0.068,0.0531880997604019,0.085413050191431,69,0.069,0.0540793357932563,0.0865151093457115,0.0641290322580645
interaction_CA_minus_JX,gaussian,G2_r6,G2,6.0,"[36.0, 45.0, 7.799998760223389]",31,920.6999866962434,0.8,1000,29,207,0.207,0.1822809028573465,0.2334569503692595,207,0.207,0.1822809028573465,0.2334569503692595,0.2037096774193548
interaction_CA_minus_JX,centered_signflip_diagnostic,G2_r6,G2,6.0,"[36.0, 45.0, 7.799998760223389]",31,920.6999866962434,0.8,1000,27,268,0.268,0.2407645062817875,0.2966085920337409,268,0.268,0.2407645062817875,0.2966085920337409,0.2579677419354839
interaction_CA_minus_JX,gaussian,G2_r6,G2,6.0,"[36.0, 45.0, 7.799998760223389]",31,920.6999866962434,1.0,1000,29,533,0.533,0.5015191705326782,0.5642860245263006,533,0.533,0.5015191705326782,0.5642860245263006,0.5270645161290323
interaction_CA_minus_JX,centered_signflip_diagnostic,G2_r6,G2,6.0,"[36.0, 45.0, 7.799998760223389]",31,920.6999866962434,1.0,1000,27,598,0.598,0.5668593800648495,0.628561899167521,598,0.598,0.5668593800648495,0.628561899167521,0.5847741935483871
interaction_CA_minus_JX,gaussian,G2_r6,G2,6.0,"[36.0, 45.0, 7.799998760223389]",31,920.6999866962434,1.2,1000,29,813,0.813,0.7874249204685704,0.8367167800753991,813,0.813,0.7874249204685704,0.8367167800753991,0.8096129032258064
interaction_CA_minus_JX,centered_signflip_diagnostic,G2_r6,G2,6.0,"[36.0, 45.0, 7.799998760223389]",31,920.6999866962434,1.2,1000,27,861,0.861,0.8379954961445099,0.881854147235034,861,0.861,0.8379954961445099,0.881854147235034,0.8522903225806452
interaction_CA_minus_JX,gaussian,G2_r10,G2,10.0,"[36.0, 45.0, 7.799998760223389]",139,4128.299940347672,0.2,1000,29,14,0.014,0.0076745015650207,0.0233781560103145,16,0.016,0.009172319269222,0.0258532490813734,0.0046978417266187
interaction_CA_minus_JX,centered_signflip_diagnostic,G2_r10,G2,10.0,"[36.0, 45.0, 7.799998760223389]",139,4128.299940347672,0.2,1000,27,15,0.015,0.0084190497500343,0.0246197000970411,17,0.017,0.0099335125927165,0.0270794968648513,0.004820143884892
interaction_CA_minus_JX,gaussian,G2_r10,G2,10.0,"[36.0, 45.0, 7.799998760223389]",139,4128.299940347672,0.4,1000,29,85,0.085,0.0684572787709901,0.1040319857783772,86,0.086,0.0693625305724136,0.1051202684343266,0.0357266187050359
interaction_CA_minus_JX,centered_signflip_diagnostic,G2_r10,G2,10.0,"[36.0, 45.0, 7.799998760223389]",139,4128.299940347672,0.4,1000,27,91,0.091,0.0738991299424797,0.1105514941018692,92,0.092,0.0748084451778555,0.1116357725183196,0.0369064748201438
interaction_CA_minus_JX,gaussian,G2_r10,G2,10.0,"[36.0, 45.0, 7.799998760223389]",139,4128.299940347672,0.6,1000,29,319,0.319,0.2901806065772735,0.3488894172992221,319,0.319,0.2901806065772735,0.3488894172992221,0.1628129496402877
interaction_CA_minus_JX,centered_signflip_diagnostic,G2_r10,G2,10.0,"[36.0, 45.0, 7.799998760223389]",139,4128.299940347672,0.6,1000,27,327,0.327,0.2979696876186014,0.3570528972764215,327,0.327,0.2979696876186014,0.3570528972764215,0.1643956834532374
interaction_CA_minus_JX,gaussian,G2_r10,G2,10.0,"[36.0, 45.0, 7.799998760223389]",139,4128.299940347672,0.8,1000,29,694,0.694,0.6643971343161432,0.7224557016271425,694,0.694,0.6643971343161432,0.7224557016271425,0.4404172661870504
interaction_CA_minus_JX,centered_signflip_diagnostic,G2_r10,G2,10.0,"[36.0, 45.0, 7.799998760223389]",139,4128.299940347672,0.8,1000,27,702,0.702,0.6725866614539601,0.7302186685854952,702,0.702,0.6725866614539601,0.7302186685854952,0.4421870503597122
interaction_CA_minus_JX,gaussian,G2_r10,G2,10.0,"[36.0, 45.0, 7.799998760223389]",139,4128.299940347672,1.0,1000,29,922,0.922,0.903606366597417,0.937858786867286,922,0.922,0.903606366597417,0.937858786867286,0.7435251798561151
interaction_CA_minus_JX,centered_signflip_diagnostic,G2_r10,G2,10.0,"[36.0, 45.0, 7.799998760223389]",139,4128.299940347672,1.0,1000,27,925,0.925,0.9068915530385008,0.9405538717887368,925,0.925,0.9068915530385008,0.9405538717887368,0.7441223021582735
interaction_CA_minus_JX,gaussian,G2_r10,G2,10.0,"[36.0, 45.0, 7.799998760223389]",139,4128.299940347672,1.2,1000,29,983,0.983,0.9729205031351488,0.9900664874072834,983,0.983,0.9729205031351488,0.9900664874072834,0.9179280575539568
interaction_CA_minus_JX,centered_signflip_diagnostic,G2_r10,G2,10.0,"[36.0, 45.0, 7.799998760223389]",139,4128.299940347672,1.2,1000,27,983,0.983,0.9729205031351488,0.9900664874072834,983,0.983,0.9729205031351488,0.9900664874072834,0.9179280575539568
interaction_CA_minus_JX,gaussian,G2_r14,G2,14.0,"[36.0, 45.0, 7.799998760223389]",397,11790.899829626083,0.2,1000,29,30,0.03,0.0203304856831096,0.042551402470029,31,0.031,0.0211581719702086,0.0437150850062389,0.0045969773299748
interaction_CA_minus_JX,centered_signflip_diagnostic,G2_r14,G2,14.0,"[36.0, 45.0, 7.799998760223389]",397,11790.899829626083,0.2,1000,27,31,0.031,0.0211581719702086,0.0437150850062389,32,0.032,0.0219888496056424,0.0448759028350092,0.0047304785894206
interaction_CA_minus_JX,gaussian,G2_r14,G2,14.0,"[36.0, 45.0, 7.799998760223389]",397,11790.899829626083,0.4,1000,29,169,0.169,0.1462744886936183,0.1936927463564436,169,0.169,0.1462744886936183,0.1936927463564436,0.037889168765743
interaction_CA_minus_JX,centered_signflip_diagnostic,G2_r14,G2,14.0,"[36.0, 45.0, 7.799998760223389]",397,11790.899829626083,0.4,1000,27,187,0.187,0.1632832199246009,0.2125750795314296,187,0.187,0.1632832199246009,0.2125750795314296,0.0392745591939546
interaction_CA_minus_JX,gaussian,G2_r14,G2,14.0,"[36.0, 45.0, 7.799998760223389]",397,11790.899829626083,0.6,1000,29,561,0.561,0.5296000157050411,0.5920398507938663,561,0.561,0.5296000157050411,0.5920398507938663,0.172536523929471
interaction_CA_minus_JX,centered_signflip_diagnostic,G2_r14,G2,14.0,"[36.0, 45.0, 7.799998760223389]",397,11790.899829626083,0.6,1000,27,575,0.575,0.5436774991081754,0.6058796781660469,575,0.575,0.5436774991081754,0.6058796781660469,0.1737783375314861
interaction_CA_minus_JX,gaussian,G2_r14,G2,14.0,"[36.0, 45.0, 7.799998760223389]",397,11790.899829626083,0.8,1000,29,909,0.909,0.8894485058981307,0.9261008700575204,909,0.909,0.8894485058981307,0.9261008700575204,0.4550931989924433
interaction_CA_minus_JX,centered_signflip_diagnostic,G2_r14,G2,14.0,"[36.0, 45.0, 7.799998760223389]",397,11790.899829626083,0.8,1000,27,915,0.915,0.8959680142216228,0.9315427212290098,915,0.915,0.8959680142216228,0.9315427212290098,0.456065491183879
interaction_CA_minus_JX,gaussian,G2_r14,G2,14.0,"[36.0, 45.0, 7.799998760223389]",397,11790.899829626083,1.0,1000,29,995,0.995,0.988370529440188,0.9983745804824372,995,0.995,0.988370529440188,0.9983745804824372,0.7473224181360202
interaction_CA_minus_JX,centered_signflip_diagnostic,G2_r14,G2,14.0,"[36.0, 45.0, 7.799998760223389]",397,11790.899829626083,1.0,1000,27,995,0.995,0.988370529440188,0.9983745804824372,995,0.995,0.988370529440188,0.9983745804824372,0.7473904282115869
interaction_CA_minus_JX,gaussian,G2_r14,G2,14.0,"[36.0, 45.0, 7.799998760223389]",397,11790.899829626083,1.2,1000,29,1000,1.0,0.9963179161031344,1.0,1000,1.0,0.9963179161031344,1.0,0.9191964735516372
interaction_CA_minus_JX,centered_signflip_diagnostic,G2_r14,G2,14.0,"[36.0, 45.0, 7.799998760223389]",397,11790.899829626083,1.2,1000,27,1000,1.0,0.9963179161031344,1.0,1000,1.0,0.9963179161031344,1.0,0.9191964735516372
interaction_CA_minus_JX,gaussian,G3_r6,G3,6.0,"[33.0, -66.0, -41.700000524520874]",31,920.6999866962434,0.2,1000,29,3,0.003,0.0006190999316495,0.0087420232384783,5,0.005,0.0016254195175627,0.0116294705598121,0.0036451612903225
interaction_CA_minus_JX,centered_signflip_diagnostic,G3_r6,G3,6.0,"[33.0, -66.0, -41.700000524520874]",31,920.6999866962434,0.2,1000,27,3,0.003,0.0006190999316495,0.0087420232384783,5,0.005,0.0016254195175627,0.0116294705598121,0.0036451612903225
interaction_CA_minus_JX,gaussian,G3_r6,G3,6.0,"[33.0, -66.0, -41.700000524520874]",31,920.6999866962434,0.4,1000,29,12,0.012,0.0062155255595952,0.0208676795910364,13,0.013,0.0069396175028514,0.0221278036367784,0.0125483870967741
interaction_CA_minus_JX,centered_signflip_diagnostic,G3_r6,G3,6.0,"[33.0, -66.0, -41.700000524520874]",31,920.6999866962434,0.4,1000,27,14,0.014,0.0076745015650207,0.0233781560103145,15,0.015,0.0084190497500343,0.0246197000970411,0.0143225806451612
interaction_CA_minus_JX,gaussian,G3_r6,G3,6.0,"[33.0, -66.0, -41.700000524520874]",31,920.6999866962434,0.6,1000,29,68,0.068,0.0531880997604019,0.085413050191431,68,0.068,0.0531880997604019,0.085413050191431,0.0660322580645161
interaction_CA_minus_JX,centered_signflip_diagnostic,G3_r6,G3,6.0,"[33.0, -66.0, -41.700000524520874]",31,920.6999866962434,0.6,1000,27,90,0.09,0.0729904664566228,0.1094665731383391,90,0.09,0.0729904664566228,0.1094665731383391,0.0849999999999999
interaction_CA_minus_JX,gaussian,G3_r6,G3,6.0,"[33.0, -66.0, -41.700000524520874]",31,920.6999866962434,0.8,1000,29,248,0.248,0.2215081298374669,0.2759842205130938,248,0.248,0.2215081298374669,0.2759842205130938,0.2441935483870967
interaction_CA_minus_JX,centered_signflip_diagnostic,G3_r6,G3,6.0,"[33.0, -66.0, -41.700000524520874]",31,920.6999866962434,0.8,1000,27,299,0.299,0.2707511411533868,0.3284375890135824,299,0.299,0.2707511411533868,0.3284375890135824,0.2895806451612903
interaction_CA_minus_JX,gaussian,G3_r6,G3,6.0,"[33.0, -66.0, -41.700000524520874]",31,920.6999866962434,1.0,1000,29,548,0.548,0.516550261940991,0.5791663711234446,548,0.548,0.516550261940991,0.5791663711234446,0.5430645161290323
interaction_CA_minus_JX,centered_signflip_diagnostic,G3_r6,G3,6.0,"[33.0, -66.0, -41.700000524520874]",31,920.6999866962434,1.0,1000,27,596,0.596,0.5648408383487338,0.6265922610801002,596,0.596,0.5648408383487338,0.6265922610801002,0.585741935483871
interaction_CA_minus_JX,gaussian,G3_r6,G3,6.0,"[33.0, -66.0, -41.700000524520874]",31,920.6999866962434,1.2,1000,29,828,0.828,0.8031539260552609,0.8508970358520215,828,0.828,0.8031539260552609,0.8508970358520215,0.8249032258064516
interaction_CA_minus_JX,centered_signflip_diagnostic,G3_r6,G3,6.0,"[33.0, -66.0, -41.700000524520874]",31,920.6999866962434,1.2,1000,27,861,0.861,0.8379954961445099,0.881854147235034,861,0.861,0.8379954961445099,0.881854147235034,0.8541612903225806
interaction_CA_minus_JX,gaussian,G3_r10,G3,10.0,"[33.0, -66.0, -41.700000524520874]",139,4128.299940347672,0.2,1000,29,14,0.014,0.0076745015650207,0.0233781560103145,14,0.014,0.0076745015650207,0.0233781560103145,0.0056546762589928
interaction_CA_minus_JX,centered_signflip_diagnostic,G3_r10,G3,10.0,"[33.0, -66.0, -41.700000524520874]",139,4128.299940347672,0.2,1000,27,15,0.015,0.0084190497500343,0.0246197000970411,15,0.015,0.0084190497500343,0.0246197000970411,0.0058057553956834
interaction_CA_minus_JX,gaussian,G3_r10,G3,10.0,"[33.0, -66.0, -41.700000524520874]",139,4128.299940347672,0.4,1000,29,91,0.091,0.0738991299424797,0.1105514941018692,91,0.091,0.0738991299424797,0.1105514941018692,0.0414964028776978
interaction_CA_minus_JX,centered_signflip_diagnostic,G3_r10,G3,10.0,"[33.0, -66.0, -41.700000524520874]",139,4128.299940347672,0.4,1000,27,95,0.095,0.0775402070816549,0.114884844404452,95,0.095,0.0775402070816549,0.114884844404452,0.0422805755395683
interaction_CA_minus_JX,gaussian,G3_r10,G3,10.0,"[33.0, -66.0, -41.700000524520874]",139,4128.299940347672,0.6,1000,29,325,0.325,0.2960215110613164,0.3550129314374298,325,0.325,0.2960215110613164,0.3550129314374298,0.1734676258992805
interaction_CA_minus_JX,centered_signflip_diagnostic,G3_r10,G3,10.0,"[33.0, -66.0, -41.700000524520874]",139,4128.299940347672,0.6,1000,27,338,0.338,0.3086952986820945,0.3682620934013945,338,0.338,0.3086952986820945,0.3682620934013945,0.1762086330935251
interaction_CA_minus_JX,gaussian,G3_r10,G3,10.0,"[33.0, -66.0, -41.700000524520874]",139,4128.299940347672,0.8,1000,29,659,0.659,0.6286839339263411,0.6883764471521683,659,0.659,0.6286839339263411,0.6883764471521683,0.4418273381294964
interaction_CA_minus_JX,centered_signflip_diagnostic,G3_r10,G3,10.0,"[33.0, -66.0, -41.700000524520874]",139,4128.299940347672,0.8,1000,27,673,0.673,0.6429471027235785,0.7020303123813987,673,0.673,0.6429471027235785,0.7020303123813987,0.4446043165467626
interaction_CA_minus_JX,gaussian,G3_r10,G3,10.0,"[33.0, -66.0, -41.700000524520874]",139,4128.299940347672,1.0,1000,29,910,0.91,0.8905334268616608,0.9270095335433772,910,0.91,0.8905334268616608,0.9270095335433772,0.7432302158273381
interaction_CA_minus_JX,centered_signflip_diagnostic,G3_r10,G3,10.0,"[33.0, -66.0, -41.700000524520874]",139,4128.299940347672,1.0,1000,27,914,0.914,0.8948797315656734,0.9306374694275864,914,0.914,0.8948797315656734,0.9306374694275864,0.7440143884892086
interaction_CA_minus_JX,gaussian,G3_r10,G3,10.0,"[33.0, -66.0, -41.700000524520874]",139,4128.299940347672,1.2,1000,29,986,0.986,0.9766218439896855,0.9923254984349792,986,0.986,0.9766218439896855,0.9923254984349792,0.9162589928057554
interaction_CA_minus_JX,centered_signflip_diagnostic,G3_r10,G3,10.0,"[33.0, -66.0, -41.700000524520874]",139,4128.299940347672,1.2,1000,27,986,0.986,0.9766218439896855,0.9923254984349792,986,0.986,0.9766218439896855,0.9923254984349792,0.9162589928057554
interaction_CA_minus_JX,gaussian,G3_r14,G3,14.0,"[33.0, -66.0, -41.700000524520874]",397,11790.899829626083,0.2,1000,29,31,0.031,0.0211581719702086,0.0437150850062389,32,0.032,0.0219888496056424,0.0448759028350092,0.0067405541561712
interaction_CA_minus_JX,centered_signflip_diagnostic,G3_r14,G3,14.0,"[33.0, -66.0, -41.700000524520874]",397,11790.899829626083,0.2,1000,27,32,0.032,0.0219888496056424,0.0448759028350092,33,0.033,0.0228223833494595,0.0460339818170231,0.0067959697732997
interaction_CA_minus_JX,gaussian,G3_r14,G3,14.0,"[33.0, -66.0, -41.700000524520874]",397,11790.899829626083,0.4,1000,29,156,0.156,0.1340491238891087,0.1799971849889863,156,0.156,0.1340491238891087,0.1799971849889863,0.0441183879093199
interaction_CA_minus_JX,centered_signflip_diagnostic,G3_r14,G3,14.0,"[33.0, -66.0, -41.700000524520874]",397,11790.899829626083,0.4,1000,27,157,0.157,0.1349876592069308,0.1810525533607144,157,0.157,0.1349876592069308,0.1810525533607144,0.0443224181360201
interaction_CA_minus_JX,gaussian,G3_r14,G3,14.0,"[33.0, -66.0, -41.700000524520874]",397,11790.899829626083,0.6,1000,29,497,0.497,0.4655585837710775,0.5284591249803341,497,0.497,0.4655585837710775,0.5284591249803341,0.1835894206549118
interaction_CA_minus_JX,centered_signflip_diagnostic,G3_r14,G3,14.0,"[33.0, -66.0, -41.700000524520874]",397,11790.899829626083,0.6,1000,27,511,0.511,0.4795241884209004,0.5424108791915634,511,0.511,0.4795241884209004,0.5424108791915634,0.1849672544080604
interaction_CA_minus_JX,gaussian,G3_r14,G3,14.0,"[33.0, -66.0, -41.700000524520874]",397,11790.899829626083,0.8,1000,29,856,0.856,0.8326930831842088,0.8771872488924841,856,0.856,0.8326930831842088,0.8771872488924841,0.4609370277078085
interaction_CA_minus_JX,centered_signflip_diagnostic,G3_r14,G3,14.0,"[33.0, -66.0, -41.700000524520874]",397,11790.899829626083,0.8,1000,27,861,0.861,0.8379954961445099,0.881854147235034,861,0.861,0.8379954961445099,0.881854147235034,0.4618413098236776
interaction_CA_minus_JX,gaussian,G3_r14,G3,14.0,"[33.0, -66.0, -41.700000524520874]",397,11790.899829626083,1.0,1000,29,985,0.985,0.9753802999029588,0.9915809502499656,985,0.985,0.9753802999029588,0.9915809502499656,0.7520478589420655
interaction_CA_minus_JX,centered_signflip_diagnostic,G3_r14,G3,14.0,"[33.0, -66.0, -41.700000524520874]",397,11790.899829626083,1.0,1000,27,986,0.986,0.9766218439896855,0.9923254984349792,986,0.986,0.9766218439896855,0.9923254984349792,0.7523198992443325
interaction_CA_minus_JX,gaussian,G3_r14,G3,14.0,"[33.0, -66.0, -41.700000524520874]",397,11790.899829626083,1.2,1000,29,1000,1.0,0.9963179161031344,1.0,1000,1.0,0.9963179161031344,1.0,0.9191057934508816
interaction_CA_minus_JX,centered_signflip_diagnostic,G3_r14,G3,14.0,"[33.0, -66.0, -41.700000524520874]",397,11790.899829626083,1.2,1000,27,1000,1.0,0.9963179161031344,1.0,1000,1.0,0.9963179161031344,1.0,0.919176322418136
interaction_CA_minus_JX,gaussian,G4_r6,G4,6.0,"[33.0, -39.0, 50.69999814033508]",31,920.6999866962434,0.2,1000,29,2,0.002,0.0002423011168772,0.0072058389114574,2,0.002,0.0002423011168772,0.0072058389114574,0.000774193548387
interaction_CA_minus_JX,centered_signflip_diagnostic,G4_r6,G4,6.0,"[33.0, -39.0, 50.69999814033508]",31,920.6999866962434,0.2,1000,27,2,0.002,0.0002423011168772,0.0072058389114574,2,0.002,0.0002423011168772,0.0072058389114574,0.000774193548387
interaction_CA_minus_JX,gaussian,G4_r6,G4,6.0,"[33.0, -39.0, 50.69999814033508]",31,920.6999866962434,0.4,1000,29,5,0.005,0.0016254195175627,0.0116294705598121,7,0.007,0.0028188587596205,0.0143691949789186,0.0035806451612903
interaction_CA_minus_JX,centered_signflip_diagnostic,G4_r6,G4,6.0,"[33.0, -39.0, 50.69999814033508]",31,920.6999866962434,0.4,1000,27,6,0.006,0.0022049824851513,0.0130134232709744,8,0.008,0.0034599761653293,0.0157020491760746,0.0042258064516129
interaction_CA_minus_JX,gaussian,G4_r6,G4,6.0,"[33.0, -39.0, 50.69999814033508]",31,920.6999866962434,0.6,1000,29,19,0.019,0.0114770369931009,0.0295124016250978,19,0.019,0.0114770369931009,0.0295124016250978,0.0160322580645161
interaction_CA_minus_JX,centered_signflip_diagnostic,G4_r6,G4,6.0,"[33.0, -39.0, 50.69999814033508]",31,920.6999866962434,0.6,1000,27,28,0.028,0.0186846861955375,0.0402148873738433,28,0.028,0.0186846861955375,0.0402148873738433,0.023774193548387
interaction_CA_minus_JX,gaussian,G4_r6,G4,6.0,"[33.0, -39.0, 50.69999814033508]",31,920.6999866962434,0.8,1000,29,129,0.129,0.1088405712062348,0.1513714153149563,129,0.129,0.1088405712062348,0.1513714153149563,0.1237096774193548
interaction_CA_minus_JX,centered_signflip_diagnostic,G4_r6,G4,6.0,"[33.0, -39.0, 50.69999814033508]",31,920.6999866962434,0.8,1000,27,191,0.191,0.1670747850541092,0.2167593800134611,191,0.191,0.1670747850541092,0.2167593800134611,0.178741935483871
interaction_CA_minus_JX,gaussian,G4_r6,G4,6.0,"[33.0, -39.0, 50.69999814033508]",31,920.6999866962434,1.0,1000,29,397,0.397,0.3665163044933979,0.4280919695508241,397,0.397,0.3665163044933979,0.4280919695508241,0.3908064516129032
interaction_CA_minus_JX,centered_signflip_diagnostic,G4_r6,G4,6.0,"[33.0, -39.0, 50.69999814033508]",31,920.6999866962434,1.0,1000,27,500,0.5,0.4685491729717921,0.5314508270282079,500,0.5,0.4685491729717921,0.5314508270282079,0.4823870967741935
interaction_CA_minus_JX,gaussian,G4_r6,G4,6.0,"[33.0, -39.0, 50.69999814033508]",31,920.6999866962434,1.2,1000,29,743,0.743,0.7147256859770754,0.7698356610536244,743,0.743,0.7147256859770754,0.7698356610536244,0.7370645161290322
interaction_CA_minus_JX,centered_signflip_diagnostic,G4_r6,G4,6.0,"[33.0, -39.0, 50.69999814033508]",31,920.6999866962434,1.2,1000,27,814,0.814,0.7884716407300623,0.8376640223583915,814,0.814,0.7884716407300623,0.8376640223583915,0.8002903225806451
interaction_CA_minus_JX,gaussian,G4_r10,G4,10.0,"[33.0, -39.0, 50.69999814033508]",139,4128.299940347672,0.2,1000,29,10,0.01,0.0048055106910493,0.0183132430551124,12,0.012,0.0062155255595952,0.0208676795910364,0.0025107913669064
interaction_CA_minus_JX,centered_signflip_diagnostic,G4_r10,G4,10.0,"[33.0, -39.0, 50.69999814033508]",139,4128.299940347672,0.2,1000,27,11,0.011,0.0055035941923135,0.0195966282220165,13,0.013,0.0069396175028514,0.0221278036367784,0.002705035971223
interaction_CA_minus_JX,gaussian,G4_r10,G4,10.0,"[33.0, -39.0, 50.69999814033508]",139,4128.299940347672,0.4,1000,29,74,0.074,0.0585494442606526,0.092011736014249,75,0.075,0.0594461282112631,0.0931084469614991,0.0250143884892086
interaction_CA_minus_JX,centered_signflip_diagnostic,G4_r10,G4,10.0,"[33.0, -39.0, 50.69999814033508]",139,4128.299940347672,0.4,1000,27,80,0.08,0.0639419828466733,0.0985797790479021,81,0.081,0.0648435397084949,0.0996716989684872,0.0261942446043165
interaction_CA_minus_JX,gaussian,G4_r10,G4,10.0,"[33.0, -39.0, 50.69999814033508]",139,4128.299940347672,0.6,1000,29,345,0.345,0.3155299232756723,0.3753860023048644,346,0.346,0.316506876628,0.3764031263493396,0.1486043165467626
interaction_CA_minus_JX,centered_signflip_diagnostic,G4_r10,G4,10.0,"[33.0, -39.0, 50.69999814033508]",139,4128.299940347672,0.6,1000,27,361,0.361,0.3311782624875812,0.391642934352983,362,0.362,0.3321574815361017,0.3926577969684547,0.1517625899280575
interaction_CA_minus_JX,gaussian,G4_r10,G4,10.0,"[33.0, -39.0, 50.69999814033508]",139,4128.299940347672,0.8,1000,29,742,0.742,0.7136943868315392,0.7688729230250864,743,0.743,0.7147256859770754,0.7698356610536244,0.4340143884892086
interaction_CA_minus_JX,centered_signflip_diagnostic,G4_r10,G4,10.0,"[33.0, -39.0, 50.69999814033508]",139,4128.299940347672,0.8,1000,27,760,0.76,0.7322866416528979,0.7861732255254938,761,0.761,0.7333213811147896,0.7871325096240909,0.4375755395683453
interaction_CA_minus_JX,gaussian,G4_r10,G4,10.0,"[33.0, -39.0, 50.69999814033508]",139,4128.299940347672,1.0,1000,29,955,0.955,0.9402471673065922,0.9669903745688512,955,0.955,0.9402471673065922,0.9669903745688512,0.7347769784172662
interaction_CA_minus_JX,centered_signflip_diagnostic,G4_r10,G4,10.0,"[33.0, -39.0, 50.69999814033508]",139,4128.299940347672,1.0,1000,27,958,0.958,0.9436497084242552,0.96956529373686,958,0.958,0.9436497084242552,0.96956529373686,0.7353741007194244
interaction_CA_minus_JX,gaussian,G4_r10,G4,10.0,"[33.0, -39.0, 50.69999814033508]",139,4128.299940347672,1.2,1000,29,997,0.997,0.9912579767615216,0.9993809000683505,997,0.997,0.9912579767615216,0.9993809000683505,0.9174964028776978
interaction_CA_minus_JX,centered_signflip_diagnostic,G4_r10,G4,10.0,"[33.0, -39.0, 50.69999814033508]",139,4128.299940347672,1.2,1000,27,997,0.997,0.9912579767615216,0.9993809000683505,997,0.997,0.9912579767615216,0.9993809000683505,0.9174964028776978
interaction_CA_minus_JX,gaussian,G4_r14,G4,14.0,"[33.0, -39.0, 50.69999814033508]",397,11790.899829626083,0.2,1000,29,22,0.022,0.0138374141720738,0.0331196645149877,25,0.025,0.0162425356968822,0.036684823051923,0.0035340050377833
interaction_CA_minus_JX,centered_signflip_diagnostic,G4_r14,G4,14.0,"[33.0, -39.0, 50.69999814033508]",397,11790.899829626083,0.2,1000,27,25,0.025,0.0162425356968822,0.036684823051923,28,0.028,0.0186846861955375,0.0402148873738433,0.0037430730478589
interaction_CA_minus_JX,gaussian,G4_r14,G4,14.0,"[33.0, -39.0, 50.69999814033508]",397,11790.899829626083,0.4,1000,29,175,0.175,0.1519340329095306,0.1999968255693369,177,0.177,0.1538228267013961,0.2020959213077809,0.0337153652392947
interaction_CA_minus_JX,centered_signflip_diagnostic,G4_r14,G4,14.0,"[33.0, -39.0, 50.69999814033508]",397,11790.899829626083,0.4,1000,27,192,0.192,0.1680233174715356,0.2178048177562843,194,0.194,0.1699211409475366,0.219894938973141,0.035088161209068
interaction_CA_minus_JX,gaussian,G4_r14,G4,14.0,"[33.0, -39.0, 50.69999814033508]",397,11790.899829626083,0.6,1000,29,554,0.554,0.5225705827122913,0.5851106213406662,554,0.554,0.5225705827122913,0.5851106213406662,0.1716297229219143
interaction_CA_minus_JX,centered_signflip_diagnostic,G4_r14,G4,14.0,"[33.0, -39.0, 50.69999814033508]",397,11790.899829626083,0.6,1000,27,570,0.57,0.5386469648923902,0.6009397466063684,570,0.57,0.5386469648923902,0.6009397466063684,0.1730906801007556
interaction_CA_minus_JX,gaussian,G4_r14,G4,14.0,"[33.0, -39.0, 50.69999814033508]",397,11790.899829626083,0.8,1000,29,898,0.898,0.877554848934442,0.9160645399595132,898,0.898,0.877554848934442,0.9160645399595132,0.4526750629722921
interaction_CA_minus_JX,centered_signflip_diagnostic,G4_r14,G4,14.0,"[33.0, -39.0, 50.69999814033508]",397,11790.899829626083,0.8,1000,27,909,0.909,0.8894485058981307,0.9261008700575204,909,0.909,0.8894485058981307,0.9261008700575204,0.4538589420654911
interaction_CA_minus_JX,gaussian,G4_r14,G4,14.0,"[33.0, -39.0, 50.69999814033508]",397,11790.899829626083,1.0,1000,29,995,0.995,0.988370529440188,0.9983745804824372,995,0.995,0.988370529440188,0.9983745804824372,0.7434508816120906
interaction_CA_minus_JX,centered_signflip_diagnostic,G4_r14,G4,14.0,"[33.0, -39.0, 50.69999814033508]",397,11790.899829626083,1.0,1000,27,995,0.995,0.988370529440188,0.9983745804824372,995,0.995,0.988370529440188,0.9983745804824372,0.7436574307304786
interaction_CA_minus_JX,gaussian,G4_r14,G4,14.0,"[33.0, -39.0, 50.69999814033508]",397,11790.899829626083,1.2,1000,29,1000,1.0,0.9963179161031344,1.0,1000,1.0,0.9963179161031344,1.0,0.9197430730478589
interaction_CA_minus_JX,centered_signflip_diagnostic,G4_r14,G4,14.0,"[33.0, -39.0, 50.69999814033508]",397,11790.899829626083,1.2,1000,27,1000,1.0,0.9963179161031344,1.0,1000,1.0,0.9963179161031344,1.0,0.9197430730478589
interaction_CA_minus_OI,gaussian,G1_r6,G1,6.0,"[-54.0, -45.0, 11.099998712539673]",31,920.6999866962434,0.2,1000,31,2,0.002,0.0002423011168772,0.0072058389114574,3,0.003,0.0006190999316495,0.0087420232384783,0.0017096774193548
interaction_CA_minus_OI,centered_signflip_diagnostic,G1_r6,G1,6.0,"[-54.0, -45.0, 11.099998712539673]",31,920.6999866962434,0.2,1000,26,3,0.003,0.0006190999316495,0.0087420232384783,4,0.004,0.0010909079877259,0.0102096646839298,0.0025806451612903
interaction_CA_minus_OI,gaussian,G1_r6,G1,6.0,"[-54.0, -45.0, 11.099998712539673]",31,920.6999866962434,0.4,1000,31,10,0.01,0.0048055106910493,0.0183132430551124,10,0.01,0.0048055106910493,0.0183132430551124,0.0094516129032258
interaction_CA_minus_OI,centered_signflip_diagnostic,G1_r6,G1,6.0,"[-54.0, -45.0, 11.099998712539673]",31,920.6999866962434,0.4,1000,26,16,0.016,0.009172319269222,0.0258532490813734,16,0.016,0.009172319269222,0.0258532490813734,0.0148709677419354
interaction_CA_minus_OI,gaussian,G1_r6,G1,6.0,"[-54.0, -45.0, 11.099998712539673]",31,920.6999866962434,0.6,1000,31,40,0.04,0.0287276252858908,0.0540726968193685,40,0.04,0.0287276252858908,0.0540726968193685,0.0397096774193548
interaction_CA_minus_OI,centered_signflip_diagnostic,G1_r6,G1,6.0,"[-54.0, -45.0, 11.099998712539673]",31,920.6999866962434,0.6,1000,26,108,0.108,0.0894390329824002,0.1289037608799979,108,0.108,0.0894390329824002,0.1289037608799979,0.1015483870967742
interaction_CA_minus_OI,gaussian,G1_r6,G1,6.0,"[-54.0, -45.0, 11.099998712539673]",31,920.6999866962434,0.8,1000,31,167,0.167,0.1443903061947467,0.1915890701763092,167,0.167,0.1443903061947467,0.1915890701763092,0.1668064516129032
interaction_CA_minus_OI,centered_signflip_diagnostic,G1_r6,G1,6.0,"[-54.0, -45.0, 11.099998712539673]",31,920.6999866962434,0.8,1000,26,310,0.31,0.2814295903630807,0.3396938310373201,310,0.31,0.2814295903630807,0.3396938310373201,0.2975483870967742
interaction_CA_minus_OI,gaussian,G1_r6,G1,6.0,"[-54.0, -45.0, 11.099998712539673]",31,920.6999866962434,1.0,1000,31,426,0.426,0.3951080526222896,0.4573288630343597,426,0.426,0.3951080526222896,0.4573288630343597,0.4259354838709677
interaction_CA_minus_OI,centered_signflip_diagnostic,G1_r6,G1,6.0,"[-54.0, -45.0, 11.099998712539673]",31,920.6999866962434,1.0,1000,26,645,0.645,0.6144491767642939,0.6746941111019715,645,0.645,0.6144491767642939,0.6746941111019715,0.628
interaction_CA_minus_OI,gaussian,G1_r6,G1,6.0,"[-54.0, -45.0, 11.099998712539673]",31,920.6999866962434,1.2,1000,31,753,0.753,0.7250489590629918,0.779452720521059,753,0.753,0.7250489590629918,0.779452720521059,0.753
interaction_CA_minus_OI,centered_signflip_diagnostic,G1_r6,G1,6.0,"[-54.0, -45.0, 11.099998712539673]",31,920.6999866962434,1.2,1000,26,876,0.876,0.8539601750294527,0.8957968808047537,876,0.876,0.8539601750294527,0.8957968808047537,0.8668387096774194
interaction_CA_minus_OI,gaussian,G1_r10,G1,10.0,"[-54.0, -45.0, 11.099998712539673]",139,4128.299940347672,0.2,1000,31,10,0.01,0.0048055106910493,0.0183132430551124,13,0.013,0.0069396175028514,0.0221278036367784,0.0037410071942446
interaction_CA_minus_OI,centered_signflip_diagnostic,G1_r10,G1,10.0,"[-54.0, -45.0, 11.099998712539673]",139,4128.299940347672,0.2,1000,26,14,0.014,0.0076745015650207,0.0233781560103145,17,0.017,0.0099335125927165,0.0270794968648513,0.0044820143884892
interaction_CA_minus_OI,gaussian,G1_r10,G1,10.0,"[-54.0, -45.0, 11.099998712539673]",139,4128.299940347672,0.4,1000,31,93,0.093,0.0757184026068647,0.112719417701156,95,0.095,0.0775402070816549,0.114884844404452,0.0381798561151079
interaction_CA_minus_OI,centered_signflip_diagnostic,G1_r10,G1,10.0,"[-54.0, -45.0, 11.099998712539673]",139,4128.299940347672,0.4,1000,26,107,0.107,0.0885204366425164,0.127828644117068,109,0.109,0.0903581476769194,0.1299783653429351,0.0408992805755395
interaction_CA_minus_OI,gaussian,G1_r10,G1,10.0,"[-54.0, -45.0, 11.099998712539673]",139,4128.299940347672,0.6,1000,31,322,0.322,0.2931003763420352,0.3519518552133706,323,0.323,0.29407393674796,0.3529723647638404,0.1679568345323741
interaction_CA_minus_OI,centered_signflip_diagnostic,G1_r10,G1,10.0,"[-54.0, -45.0, 11.099998712539673]",139,4128.299940347672,0.6,1000,26,342,0.342,0.3125999284046649,0.3723337667365755,343,0.343,0.313576448864037,0.3733513227955689,0.1719352517985611
interaction_CA_minus_OI,gaussian,G1_r10,G1,10.0,"[-54.0, -45.0, 11.099998712539673]",139,4128.299940347672,0.8,1000,31,677,0.677,0.6470276352361596,0.70592606325204,677,0.677,0.6470276352361596,0.70592606325204,0.436294964028777
interaction_CA_minus_OI,centered_signflip_diagnostic,G1_r10,G1,10.0,"[-54.0, -45.0, 11.099998712539673]",139,4128.299940347672,0.8,1000,26,709,0.709,0.6797609561045029,0.7370027823142384,709,0.709,0.6797609561045029,0.7370027823142384,0.442568345323741
interaction_CA_minus_OI,gaussian,G1_r10,G1,10.0,"[-54.0, -45.0, 11.099998712539673]",139,4128.299940347672,1.0,1000,31,930,0.93,0.9123837665107154,0.94502847508083,930,0.93,0.9123837665107154,0.94502847508083,0.7411294964028776
interaction_CA_minus_OI,centered_signflip_diagnostic,G1_r10,G1,10.0,"[-54.0, -45.0, 11.099998712539673]",139,4128.299940347672,1.0,1000,26,937,0.937,0.9201119581266456,0.9512530724434194,937,0.937,0.9201119581266456,0.9512530724434194,0.742568345323741
interaction_CA_minus_OI,gaussian,G1_r10,G1,10.0,"[-54.0, -45.0, 11.099998712539673]",139,4128.299940347672,1.2,1000,31,994,0.994,0.9869865767290256,0.9977950175148488,994,0.994,0.9869865767290256,0.9977950175148488,0.925388489208633
interaction_CA_minus_OI,centered_signflip_diagnostic,G1_r10,G1,10.0,"[-54.0, -45.0, 11.099998712539673]",139,4128.299940347672,1.2,1000,26,996,0.996,0.98979033531607,0.998909092012274,996,0.996,0.98979033531607,0.998909092012274,0.9257985611510792
interaction_CA_minus_OI,gaussian,G1_r14,G1,14.0,"[-54.0, -45.0, 11.099998712539673]",397,11790.899829626083,0.2,1000,31,25,0.025,0.0162425356968822,0.036684823051923,27,0.027,0.0178669059252497,0.0390417468059701,0.0040100755667506
interaction_CA_minus_OI,centered_signflip_diagnostic,G1_r14,G1,14.0,"[-54.0, -45.0, 11.099998712539673]",397,11790.899829626083,0.2,1000,26,33,0.033,0.0228223833494595,0.0460339818170231,35,0.035,0.0244975278947587,0.0483423816142217,0.0045188916876574
interaction_CA_minus_OI,gaussian,G1_r14,G1,14.0,"[-54.0, -45.0, 11.099998712539673]",397,11790.899829626083,0.4,1000,31,188,0.188,0.1642307234013188,0.2136215401631289,190,0.19,0.1661265075387874,0.2157136888516334,0.0405541561712846
interaction_CA_minus_OI,centered_signflip_diagnostic,G1_r14,G1,14.0,"[-54.0, -45.0, 11.099998712539673]",397,11790.899829626083,0.4,1000,26,206,0.206,0.1813287189103024,0.2324151440514931,208,0.208,0.1832333195738835,0.2344985251281869,0.041904282115869
interaction_CA_minus_OI,gaussian,G1_r14,G1,14.0,"[-54.0, -45.0, 11.099998712539673]",397,11790.899829626083,0.6,1000,31,549,0.549,0.5175533349524326,0.5801573934646365,549,0.549,0.5175533349524326,0.5801573934646365,0.179448362720403
interaction_CA_minus_OI,centered_signflip_diagnostic,G1_r14,G1,14.0,"[-54.0, -45.0, 11.099998712539673]",397,11790.899829626083,0.6,1000,26,584,0.584,0.5527405274301045,0.6147634808153208,584,0.584,0.5527405274301045,0.6147634808153208,0.182609571788413
interaction_CA_minus_OI,gaussian,G1_r14,G1,14.0,"[-54.0, -45.0, 11.099998712539673]",397,11790.899829626083,0.8,1000,31,897,0.897,0.8764770735985742,0.9151486346500824,897,0.897,0.8764770735985742,0.9151486346500824,0.4600050377833753
interaction_CA_minus_OI,centered_signflip_diagnostic,G1_r14,G1,14.0,"[-54.0, -45.0, 11.099998712539673]",397,11790.899829626083,0.8,1000,26,910,0.91,0.8905334268616608,0.9270095335433772,910,0.91,0.8905334268616608,0.9270095335433772,0.4619143576826196
interaction_CA_minus_OI,gaussian,G1_r14,G1,14.0,"[-54.0, -45.0, 11.099998712539673]",397,11790.899829626083,1.0,1000,31,993,0.993,0.9856308050210814,0.9971811412403796,993,0.993,0.9856308050210814,0.9971811412403796,0.7526196473551637
interaction_CA_minus_OI,centered_signflip_diagnostic,G1_r14,G1,14.0,"[-54.0, -45.0, 11.099998712539673]",397,11790.899829626083,1.0,1000,26,996,0.996,0.98979033531607,0.998909092012274,996,0.996,0.98979033531607,0.998909092012274,0.7532619647355164
interaction_CA_minus_OI,gaussian,G1_r14,G1,14.0,"[-54.0, -45.0, 11.099998712539673]",397,11790.899829626083,1.2,1000,31,1000,1.0,0.9963179161031344,1.0,1000,1.0,0.9963179161031344,1.0,0.926329974811083
interaction_CA_minus_OI,centered_signflip_diagnostic,G1_r14,G1,14.0,"[-54.0, -45.0, 11.099998712539673]",397,11790.899829626083,1.2,1000,26,1000,1.0,0.9963179161031344,1.0,1000,1.0,0.9963179161031344,1.0,0.926329974811083
interaction_CA_minus_OI,gaussian,G2_r6,G2,6.0,"[36.0, 45.0, 7.799998760223389]",31,920.6999866962434,0.2,1000,31,0,0.0,0.0,0.0036820838968656,2,0.002,0.0002423011168772,0.0072058389114574,0.000516129032258
interaction_CA_minus_OI,centered_signflip_diagnostic,G2_r6,G2,6.0,"[36.0, 45.0, 7.799998760223389]",31,920.6999866962434,0.2,1000,26,0,0.0,0.0,0.0036820838968656,2,0.002,0.0002423011168772,0.0072058389114574,0.000516129032258
interaction_CA_minus_OI,gaussian,G2_r6,G2,6.0,"[36.0, 45.0, 7.799998760223389]",31,920.6999866962434,0.4,1000,31,5,0.005,0.0016254195175627,0.0116294705598121,5,0.005,0.0016254195175627,0.0116294705598121,0.0035806451612903
interaction_CA_minus_OI,centered_signflip_diagnostic,G2_r6,G2,6.0,"[36.0, 45.0, 7.799998760223389]",31,920.6999866962434,0.4,1000,26,9,0.009,0.0041233956603424,0.0170157830698945,9,0.009,0.0041233956603424,0.0170157830698945,0.0066451612903225
interaction_CA_minus_OI,gaussian,G2_r6,G2,6.0,"[36.0, 45.0, 7.799998760223389]",31,920.6999866962434,0.6,1000,31,12,0.012,0.0062155255595952,0.0208676795910364,13,0.013,0.0069396175028514,0.0221278036367784,0.011516129032258
interaction_CA_minus_OI,centered_signflip_diagnostic,G2_r6,G2,6.0,"[36.0, 45.0, 7.799998760223389]",31,920.6999866962434,0.6,1000,26,36,0.036,0.0253389149298377,0.0494929117180123,37,0.037,0.0261827088437373,0.0506411230599248,0.0329354838709677
interaction_CA_minus_OI,gaussian,G2_r6,G2,6.0,"[36.0, 45.0, 7.799998760223389]",31,920.6999866962434,0.8,1000,31,58,0.058,0.0443328602528207,0.0743364953823516,58,0.058,0.0443328602528207,0.0743364953823516,0.0574516129032258
interaction_CA_minus_OI,centered_signflip_diagnostic,G2_r6,G2,6.0,"[36.0, 45.0, 7.799998760223389]",31,920.6999866962434,0.8,1000,26,218,0.218,0.1927700234596427,0.2449017994582451,218,0.218,0.1927700234596427,0.2449017994582451,0.2027419354838709
interaction_CA_minus_OI,gaussian,G2_r6,G2,6.0,"[36.0, 45.0, 7.799998760223389]",31,920.6999866962434,1.0,1000,31,284,0.284,0.2562211950237551,0.3130566821959463,284,0.284,0.2562211950237551,0.3130566821959463,0.2837741935483871
interaction_CA_minus_OI,centered_signflip_diagnostic,G2_r6,G2,6.0,"[36.0, 45.0, 7.799998760223389]",31,920.6999866962434,1.0,1000,26,562,0.562,0.5306047253440982,0.5930292354341888,562,0.562,0.5306047253440982,0.5930292354341888,0.5385483870967742
interaction_CA_minus_OI,gaussian,G2_r6,G2,6.0,"[36.0, 45.0, 7.799998760223389]",31,920.6999866962434,1.2,1000,31,641,0.641,0.6103872092040983,0.6707797565396462,641,0.641,0.6103872092040983,0.6707797565396462,0.6409677419354839
interaction_CA_minus_OI,centered_signflip_diagnostic,G2_r6,G2,6.0,"[36.0, 45.0, 7.799998760223389]",31,920.6999866962434,1.2,1000,26,833,0.833,0.8084109298236908,0.8556096938052533,833,0.833,0.8084109298236908,0.8556096938052533,0.818516129032258
interaction_CA_minus_OI,gaussian,G2_r10,G2,10.0,"[36.0, 45.0, 7.799998760223389]",139,4128.299940347672,0.2,1000,31,7,0.007,0.0028188587596205,0.0143691949789186,8,0.008,0.0034599761653293,0.0157020491760746,0.0019856115107913
interaction_CA_minus_OI,centered_signflip_diagnostic,G2_r10,G2,10.0,"[36.0, 45.0, 7.799998760223389]",139,4128.299940347672,0.2,1000,26,9,0.009,0.0041233956603424,0.0170157830698945,10,0.01,0.0048055106910493,0.0183132430551124,0.0023165467625899
interaction_CA_minus_OI,gaussian,G2_r10,G2,10.0,"[36.0, 45.0, 7.799998760223389]",139,4128.299940347672,0.4,1000,31,58,0.058,0.0443328602528207,0.0743364953823516,58,0.058,0.0443328602528207,0.0743364953823516,0.0216474820143884
interaction_CA_minus_OI,centered_signflip_diagnostic,G2_r10,G2,10.0,"[36.0, 45.0, 7.799998760223389]",139,4128.299940347672,0.4,1000,26,70,0.07,0.0549715249191699,0.0876162334892846,71,0.071,0.0558646482498975,0.0887164408867873,0.0241007194244604
interaction_CA_minus_OI,gaussian,G2_r10,G2,10.0,"[36.0, 45.0, 7.799998760223389]",139,4128.299940347672,0.6,1000,31,327,0.327,0.2979696876186014,0.3570528972764215,327,0.327,0.2979696876186014,0.3570528972764215,0.1475179856115107
interaction_CA_minus_OI,centered_signflip_diagnostic,G2_r10,G2,10.0,"[36.0, 45.0, 7.799998760223389]",139,4128.299940347672,0.6,1000,26,365,0.365,0.3350959738077708,0.3957015511460872,366,0.366,0.3360757487848027,0.3967158587963668,0.1551223021582733
interaction_CA_minus_OI,gaussian,G2_r10,G2,10.0,"[36.0, 45.0, 7.799998760223389]",139,4128.299940347672,0.8,1000,31,696,0.696,0.6664435613103112,0.7243974007809018,696,0.696,0.6664435613103112,0.7243974007809018,0.4283884892086331
interaction_CA_minus_OI,centered_signflip_diagnostic,G2_r10,G2,10.0,"[36.0, 45.0, 7.799998760223389]",139,4128.299940347672,0.8,1000,26,729,0.729,0.7003040044854938,0.7563407624343825,729,0.729,0.7003040044854938,0.7563407624343825,0.4350431654676259
interaction_CA_minus_OI,gaussian,G2_r10,G2,10.0,"[36.0, 45.0, 7.799998760223389]",139,4128.299940347672,1.0,1000,31,931,0.931,0.9134848906542884,0.9459206642067436,931,0.931,0.9134848906542884,0.9459206642067436,0.7293453237410072
interaction_CA_minus_OI,centered_signflip_diagnostic,G2_r10,G2,10.0,"[36.0, 45.0, 7.799998760223389]",139,4128.299940347672,1.0,1000,26,948,0.948,0.9323649859494928,0.9609234650560196,948,0.948,0.9323649859494928,0.9609234650560196,0.7328920863309353
interaction_CA_minus_OI,gaussian,G2_r10,G2,10.0,"[36.0, 45.0, 7.799998760223389]",139,4128.299940347672,1.2,1000,31,994,0.994,0.9869865767290256,0.9977950175148488,994,0.994,0.9869865767290256,0.9977950175148488,0.91636690647482
interaction_CA_minus_OI,centered_signflip_diagnostic,G2_r10,G2,10.0,"[36.0, 45.0, 7.799998760223389]",139,4128.299940347672,1.2,1000,26,996,0.996,0.98979033531607,0.998909092012274,996,0.996,0.98979033531607,0.998909092012274,0.916769784172662
interaction_CA_minus_OI,gaussian,G2_r14,G2,14.0,"[36.0, 45.0, 7.799998760223389]",397,11790.899829626083,0.2,1000,31,18,0.018,0.0107019479294147,0.0282990412490191,20,0.02,0.0122582679724063,0.0307200326826091,0.002609571788413
interaction_CA_minus_OI,centered_signflip_diagnostic,G2_r14,G2,14.0,"[36.0, 45.0, 7.799998760223389]",397,11790.899829626083,0.2,1000,26,22,0.022,0.0138374141720738,0.0331196645149877,24,0.024,0.0154363832335084,0.0355006385313591,0.002977329974811
interaction_CA_minus_OI,gaussian,G2_r14,G2,14.0,"[36.0, 45.0, 7.799998760223389]",397,11790.899829626083,0.4,1000,31,162,0.162,0.1396851115845779,0.1863246549247689,163,0.163,0.1406255403596403,0.187378143784489,0.0312770780856423
interaction_CA_minus_OI,centered_signflip_diagnostic,G2_r14,G2,14.0,"[36.0, 45.0, 7.799998760223389]",397,11790.899829626083,0.4,1000,26,185,0.185,0.1613889981787856,0.2104813777733463,186,0.186,0.1623359776416084,0.2115283592699378,0.0330075566750629
interaction_CA_minus_OI,gaussian,G2_r14,G2,14.0,"[36.0, 45.0, 7.799998760223389]",397,11790.899829626083,0.6,1000,31,556,0.556,0.5245783618666928,0.5870910318851419,556,0.556,0.5245783618666928,0.5870910318851419,0.1682871536523929
interaction_CA_minus_OI,centered_signflip_diagnostic,G2_r14,G2,14.0,"[36.0, 45.0, 7.799998760223389]",397,11790.899829626083,0.6,1000,26,588,0.588,0.5567718885375104,0.6187084856913778,588,0.588,0.5567718885375104,0.6187084856913778,0.1720100755667506
interaction_CA_minus_OI,gaussian,G2_r14,G2,14.0,"[36.0, 45.0, 7.799998760223389]",397,11790.899829626083,0.8,1000,31,906,0.906,0.8861975612810256,0.9233710070726222,906,0.906,0.8861975612810256,0.9233710070726222,0.4544760705289672
interaction_CA_minus_OI,centered_signflip_diagnostic,G2_r14,G2,14.0,"[36.0, 45.0, 7.799998760223389]",397,11790.899829626083,0.8,1000,26,923,0.923,0.9047006190217404,0.938757972216451,923,0.923,0.9047006190217404,0.938757972216451,0.4566020151133501
interaction_CA_minus_OI,gaussian,G2_r14,G2,14.0,"[36.0, 45.0, 7.799998760223389]",397,11790.899829626083,1.0,1000,31,996,0.996,0.98979033531607,0.998909092012274,996,0.996,0.98979033531607,0.998909092012274,0.7470730478589421
interaction_CA_minus_OI,centered_signflip_diagnostic,G2_r14,G2,14.0,"[36.0, 45.0, 7.799998760223389]",397,11790.899829626083,1.0,1000,26,998,0.998,0.9927941610885423,0.9997576988831228,998,0.998,0.9927941610885423,0.9997576988831228,0.7473652392947103
interaction_CA_minus_OI,gaussian,G2_r14,G2,14.0,"[36.0, 45.0, 7.799998760223389]",397,11790.899829626083,1.2,1000,31,1000,1.0,0.9963179161031344,1.0,1000,1.0,0.9963179161031344,1.0,0.9205314861460958
interaction_CA_minus_OI,centered_signflip_diagnostic,G2_r14,G2,14.0,"[36.0, 45.0, 7.799998760223389]",397,11790.899829626083,1.2,1000,26,1000,1.0,0.9963179161031344,1.0,1000,1.0,0.9963179161031344,1.0,0.9205314861460958
interaction_CA_minus_OI,gaussian,G3_r6,G3,6.0,"[33.0, -66.0, -41.700000524520874]",31,920.6999866962434,0.2,1000,31,2,0.002,0.0002423011168772,0.0072058389114574,3,0.003,0.0006190999316495,0.0087420232384783,0.0010967741935483
interaction_CA_minus_OI,centered_signflip_diagnostic,G3_r6,G3,6.0,"[33.0, -66.0, -41.700000524520874]",31,920.6999866962434,0.2,1000,26,4,0.004,0.0010909079877259,0.0102096646839298,5,0.005,0.0016254195175627,0.0116294705598121,0.0018064516129032
interaction_CA_minus_OI,gaussian,G3_r6,G3,6.0,"[33.0, -66.0, -41.700000524520874]",31,920.6999866962434,0.4,1000,31,8,0.008,0.0034599761653293,0.0157020491760746,8,0.008,0.0034599761653293,0.0157020491760746,0.0063870967741935
interaction_CA_minus_OI,centered_signflip_diagnostic,G3_r6,G3,6.0,"[33.0, -66.0, -41.700000524520874]",31,920.6999866962434,0.4,1000,26,14,0.014,0.0076745015650207,0.0233781560103145,15,0.015,0.0084190497500343,0.0246197000970411,0.0109677419354838
interaction_CA_minus_OI,gaussian,G3_r6,G3,6.0,"[33.0, -66.0, -41.700000524520874]",31,920.6999866962434,0.6,1000,31,27,0.027,0.0178669059252497,0.0390417468059701,27,0.027,0.0178669059252497,0.0390417468059701,0.0254838709677419
interaction_CA_minus_OI,centered_signflip_diagnostic,G3_r6,G3,6.0,"[33.0, -66.0, -41.700000524520874]",31,920.6999866962434,0.6,1000,26,81,0.081,0.0648435397084949,0.0996716989684872,81,0.081,0.0648435397084949,0.0996716989684872,0.073516129032258
interaction_CA_minus_OI,gaussian,G3_r6,G3,6.0,"[33.0, -66.0, -41.700000524520874]",31,920.6999866962434,0.8,1000,31,126,0.126,0.1060568322624797,0.1481737164710267,126,0.126,0.1060568322624797,0.1481737164710267,0.1254516129032258
interaction_CA_minus_OI,centered_signflip_diagnostic,G3_r6,G3,6.0,"[33.0, -66.0, -41.700000524520874]",31,920.6999866962434,0.8,1000,26,276,0.276,0.2484873062148415,0.3048381633507359,276,0.276,0.2484873062148415,0.3048381633507359,0.2619677419354839
interaction_CA_minus_OI,gaussian,G3_r6,G3,6.0,"[33.0, -66.0, -41.700000524520874]",31,920.6999866962434,1.0,1000,31,364,0.364,0.3341163374441288,0.394687105119553,364,0.364,0.3341163374441288,0.394687105119553,0.3639354838709677
interaction_CA_minus_OI,centered_signflip_diagnostic,G3_r6,G3,6.0,"[33.0, -66.0, -41.700000524520874]",31,920.6999866962434,1.0,1000,26,592,0.592,0.5608053224405997,0.6226514155553989,592,0.592,0.5608053224405997,0.6226514155553989,0.5743548387096774
interaction_CA_minus_OI,gaussian,G3_r6,G3,6.0,"[33.0, -66.0, -41.700000524520874]",31,920.6999866962434,1.2,1000,31,691,0.691,0.6613286752837124,0.7195419682726643,691,0.691,0.6613286752837124,0.7195419682726643,0.6909677419354839
interaction_CA_minus_OI,centered_signflip_diagnostic,G3_r6,G3,6.0,"[33.0, -66.0, -41.700000524520874]",31,920.6999866962434,1.2,1000,26,874,0.874,0.8518262835289733,0.8939431677375203,874,0.874,0.8518262835289733,0.8939431677375203,0.8604193548387096
interaction_CA_minus_OI,gaussian,G3_r10,G3,10.0,"[33.0, -66.0, -41.700000524520874]",139,4128.299940347672,0.2,1000,31,16,0.016,0.009172319269222,0.0258532490813734,17,0.017,0.0099335125927165,0.0270794968648513,0.0045755395683453
interaction_CA_minus_OI,centered_signflip_diagnostic,G3_r10,G3,10.0,"[33.0, -66.0, -41.700000524520874]",139,4128.299940347672,0.2,1000,26,21,0.021,0.0130451922903876,0.0319223351804155,23,0.023,0.0146345823251767,0.0343123376128543,0.0054244604316546
interaction_CA_minus_OI,gaussian,G3_r10,G3,10.0,"[33.0, -66.0, -41.700000524520874]",139,4128.299940347672,0.4,1000,31,85,0.085,0.0684572787709901,0.1040319857783772,86,0.086,0.0693625305724136,0.1051202684343266,0.0354172661870503
interaction_CA_minus_OI,centered_signflip_diagnostic,G3_r10,G3,10.0,"[33.0, -66.0, -41.700000524520874]",139,4128.299940347672,0.4,1000,26,99,0.099,0.0811911289469688,0.1192084826862064,100,0.1,0.08210533435558,0.1202879365186926,0.0381798561151079
interaction_CA_minus_OI,gaussian,G3_r10,G3,10.0,"[33.0, -66.0, -41.700000524520874]",139,4128.299940347672,0.6,1000,31,316,0.316,0.2872622119513219,0.3458256076066879,316,0.316,0.2872622119513219,0.3458256076066879,0.1614964028776978
interaction_CA_minus_OI,centered_signflip_diagnostic,G3_r10,G3,10.0,"[33.0, -66.0, -41.700000524520874]",139,4128.299940347672,0.6,1000,26,352,0.352,0.3223716043545396,0.3825028689345303,352,0.352,0.3223716043545396,0.3825028689345303,0.1687338129496403
interaction_CA_minus_OI,gaussian,G3_r10,G3,10.0,"[33.0, -66.0, -41.700000524520874]",139,4128.299940347672,0.8,1000,31,681,0.681,0.6511105827007779,0.7098193934227265,681,0.681,0.6511105827007779,0.7098193934227265,0.4393381294964029
interaction_CA_minus_OI,centered_signflip_diagnostic,G3_r10,G3,10.0,"[33.0, -66.0, -41.700000524520874]",139,4128.299940347672,0.8,1000,26,718,0.718,0.6889969272907507,0.7457133006590745,718,0.718,0.6889969272907507,0.7457133006590745,0.4466978417266187
interaction_CA_minus_OI,gaussian,G3_r10,G3,10.0,"[33.0, -66.0, -41.700000524520874]",139,4128.299940347672,1.0,1000,31,926,0.926,0.9079882639857508,0.9414505557393472,926,0.926,0.9079882639857508,0.9414505557393472,0.7449136690647482
interaction_CA_minus_OI,centered_signflip_diagnostic,G3_r10,G3,10.0,"[33.0, -66.0, -41.700000524520874]",139,4128.299940347672,1.0,1000,26,938,0.938,0.9212200503389676,0.9521381518866388,938,0.938,0.9212200503389676,0.9521381518866388,0.7475539568345323
interaction_CA_minus_OI,gaussian,G3_r10,G3,10.0,"[33.0, -66.0, -41.700000524520874]",139,4128.299940347672,1.2,1000,31,991,0.991,0.9829842169301054,0.9958766043396576,991,0.991,0.9829842169301054,0.9958766043396576,0.9241654676258994
interaction_CA_minus_OI,centered_signflip_diagnostic,G3_r10,G3,10.0,"[33.0, -66.0, -41.700000524520874]",139,4128.299940347672,1.2,1000,26,994,0.994,0.9869865767290256,0.9977950175148488,994,0.994,0.9869865767290256,0.9977950175148488,0.924769784172662
interaction_CA_minus_OI,gaussian,G3_r14,G3,14.0,"[33.0, -66.0, -41.700000524520874]",397,11790.899829626083,0.2,1000,31,38,0.038,0.0270288159829839,0.0517871036219641,38,0.038,0.0270288159829839,0.0517871036219641,0.0057984886649874
interaction_CA_minus_OI,centered_signflip_diagnostic,G3_r14,G3,14.0,"[33.0, -66.0, -41.700000524520874]",397,11790.899829626083,0.2,1000,26,42,0.042,0.03043470626314,0.0563502915757447,42,0.042,0.03043470626314,0.0563502915757447,0.0061108312342569
interaction_CA_minus_OI,gaussian,G3_r14,G3,14.0,"[33.0, -66.0, -41.700000524520874]",397,11790.899829626083,0.4,1000,31,184,0.184,0.160442283184788,0.2094341334145285,184,0.184,0.160442283184788,0.2094341334145285,0.0421385390428211
interaction_CA_minus_OI,centered_signflip_diagnostic,G3_r14,G3,14.0,"[33.0, -66.0, -41.700000524520874]",397,11790.899829626083,0.4,1000,26,201,0.201,0.1765713352288396,0.227202595101185,201,0.201,0.1765713352288396,0.227202595101185,0.0435239294710327
interaction_CA_minus_OI,gaussian,G3_r14,G3,14.0,"[33.0, -66.0, -41.700000524520874]",397,11790.899829626083,0.6,1000,31,543,0.543,0.5115367755816964,0.5742093796781235,543,0.543,0.5115367755816964,0.5742093796781235,0.1876926952141057
interaction_CA_minus_OI,centered_signflip_diagnostic,G3_r14,G3,14.0,"[33.0, -66.0, -41.700000524520874]",397,11790.899829626083,0.6,1000,26,574,0.574,0.5426711369656403,0.6048919473777103,574,0.574,0.5426711369656403,0.6048919473777103,0.1904911838790932
interaction_CA_minus_OI,gaussian,G3_r14,G3,14.0,"[33.0, -66.0, -41.700000524520874]",397,11790.899829626083,0.8,1000,31,870,0.87,0.8475635053995598,0.8902306875462955,870,0.87,0.8475635053995598,0.8902306875462955,0.4640654911838791
interaction_CA_minus_OI,centered_signflip_diagnostic,G3_r14,G3,14.0,"[33.0, -66.0, -41.700000524520874]",397,11790.899829626083,0.8,1000,26,892,0.892,0.8710962391200021,0.9105609670175998,892,0.892,0.8710962391200021,0.9105609670175998,0.4665163727959697
interaction_CA_minus_OI,gaussian,G3_r14,G3,14.0,"[33.0, -66.0, -41.700000524520874]",397,11790.899829626083,1.0,1000,31,982,0.982,0.9717009587509808,0.9892980520705852,982,0.982,0.9717009587509808,0.9892980520705852,0.7568488664987405
interaction_CA_minus_OI,centered_signflip_diagnostic,G3_r14,G3,14.0,"[33.0, -66.0, -41.700000524520874]",397,11790.899829626083,1.0,1000,26,984,0.984,0.9741467509186266,0.990827680730778,984,0.984,0.9741467509186266,0.990827680730778,0.7573350125944583
interaction_CA_minus_OI,gaussian,G3_r14,G3,14.0,"[33.0, -66.0, -41.700000524520874]",397,11790.899829626083,1.2,1000,31,1000,1.0,0.9963179161031344,1.0,1000,1.0,0.9963179161031344,1.0,0.9277229219143576
interaction_CA_minus_OI,centered_signflip_diagnostic,G3_r14,G3,14.0,"[33.0, -66.0, -41.700000524520874]",397,11790.899829626083,1.2,1000,26,1000,1.0,0.9963179161031344,1.0,1000,1.0,0.9963179161031344,1.0,0.927793450881612
interaction_CA_minus_OI,gaussian,G4_r6,G4,6.0,"[33.0, -39.0, 50.69999814033508]",31,920.6999866962434,0.2,1000,31,3,0.003,0.0006190999316495,0.0087420232384783,4,0.004,0.0010909079877259,0.0102096646839298,0.0025806451612903
interaction_CA_minus_OI,centered_signflip_diagnostic,G4_r6,G4,6.0,"[33.0, -39.0, 50.69999814033508]",31,920.6999866962434,0.2,1000,26,3,0.003,0.0006190999316495,0.0087420232384783,4,0.004,0.0010909079877259,0.0102096646839298,0.0025806451612903
interaction_CA_minus_OI,gaussian,G4_r6,G4,6.0,"[33.0, -39.0, 50.69999814033508]",31,920.6999866962434,0.4,1000,31,4,0.004,0.0010909079877259,0.0102096646839298,6,0.006,0.0022049824851513,0.0130134232709744,0.0048709677419354
interaction_CA_minus_OI,centered_signflip_diagnostic,G4_r6,G4,6.0,"[33.0, -39.0, 50.69999814033508]",31,920.6999866962434,0.4,1000,26,10,0.01,0.0048055106910493,0.0183132430551124,12,0.012,0.0062155255595952,0.0208676795910364,0.0101935483870967
interaction_CA_minus_OI,gaussian,G4_r6,G4,6.0,"[33.0, -39.0, 50.69999814033508]",31,920.6999866962434,0.6,1000,31,15,0.015,0.0084190497500343,0.0246197000970411,16,0.016,0.009172319269222,0.0258532490813734,0.0153870967741935
interaction_CA_minus_OI,centered_signflip_diagnostic,G4_r6,G4,6.0,"[33.0, -39.0, 50.69999814033508]",31,920.6999866962434,0.6,1000,26,57,0.057,0.0434535819369585,0.0732227294606622,58,0.058,0.0443328602528207,0.0743364953823516,0.0534193548387096
interaction_CA_minus_OI,gaussian,G4_r6,G4,6.0,"[33.0, -39.0, 50.69999814033508]",31,920.6999866962434,0.8,1000,31,105,0.105,0.08668482482454,0.1256768484553362,105,0.105,0.08668482482454,0.1256768484553362,0.1043870967741935
interaction_CA_minus_OI,centered_signflip_diagnostic,G4_r6,G4,6.0,"[33.0, -39.0, 50.69999814033508]",31,920.6999866962434,0.8,1000,26,271,0.271,0.2436592375656174,0.2996959955145062,271,0.271,0.2436592375656174,0.2996959955145062,0.2565483870967742
interaction_CA_minus_OI,gaussian,G4_r6,G4,6.0,"[33.0, -39.0, 50.69999814033508]",31,920.6999866962434,1.0,1000,31,364,0.364,0.3341163374441288,0.394687105119553,364,0.364,0.3341163374441288,0.394687105119553,0.3638387096774193
interaction_CA_minus_OI,centered_signflip_diagnostic,G4_r6,G4,6.0,"[33.0, -39.0, 50.69999814033508]",31,920.6999866962434,1.0,1000,26,589,0.589,0.5577800523371339,0.6196944130458798,589,0.589,0.5577800523371339,0.6196944130458798,0.5705806451612903
interaction_CA_minus_OI,gaussian,G4_r6,G4,6.0,"[33.0, -39.0, 50.69999814033508]",31,920.6999866962434,1.2,1000,31,698,0.698,0.6684906224585541,0.7263384640540053,698,0.698,0.6684906224585541,0.7263384640540053,0.6980000000000001
interaction_CA_minus_OI,centered_signflip_diagnostic,G4_r6,G4,6.0,"[33.0, -39.0, 50.69999814033508]",31,920.6999866962434,1.2,1000,26,873,0.873,0.8507599696651418,0.8930156730505465,873,0.873,0.8507599696651418,0.8930156730505465,0.8616774193548387
interaction_CA_minus_OI,gaussian,G4_r10,G4,10.0,"[33.0, -39.0, 50.69999814033508]",139,4128.299940347672,0.2,1000,31,7,0.007,0.0028188587596205,0.0143691949789186,10,0.01,0.0048055106910493,0.0183132430551124,0.0029712230215827
interaction_CA_minus_OI,centered_signflip_diagnostic,G4_r10,G4,10.0,"[33.0, -39.0, 50.69999814033508]",139,4128.299940347672,0.2,1000,26,10,0.01,0.0048055106910493,0.0183132430551124,13,0.013,0.0069396175028514,0.0221278036367784,0.0034604316546762
interaction_CA_minus_OI,gaussian,G4_r10,G4,10.0,"[33.0, -39.0, 50.69999814033508]",139,4128.299940347672,0.4,1000,31,79,0.079,0.0630412028094598,0.0974870949069011,80,0.08,0.0639419828466733,0.0985797790479021,0.0309496402877697
interaction_CA_minus_OI,centered_signflip_diagnostic,G4_r10,G4,10.0,"[33.0, -39.0, 50.69999814033508]",139,4128.299940347672,0.4,1000,26,97,0.097,0.0793644718293638,0.117047843980287,98,0.098,0.0802775054510051,0.1181284544312361,0.0344460431654676
interaction_CA_minus_OI,gaussian,G4_r10,G4,10.0,"[33.0, -39.0, 50.69999814033508]",139,4128.299940347672,0.6,1000,31,322,0.322,0.2931003763420352,0.3519518552133706,322,0.322,0.2931003763420352,0.3519518552133706,0.1572086330935251
interaction_CA_minus_OI,centered_signflip_diagnostic,G4_r10,G4,10.0,"[33.0, -39.0, 50.69999814033508]",139,4128.299940347672,0.6,1000,26,351,0.351,0.3213937931189768,0.3814866010926248,351,0.351,0.3213937931189768,0.3814866010926248,0.1630071942446043
interaction_CA_minus_OI,gaussian,G4_r10,G4,10.0,"[33.0, -39.0, 50.69999814033508]",139,4128.299940347672,0.8,1000,31,700,0.7,0.6705383213026339,0.7282788878708555,700,0.7,0.6705383213026339,0.7282788878708555,0.4388129496402878
interaction_CA_minus_OI,centered_signflip_diagnostic,G4_r10,G4,10.0,"[33.0, -39.0, 50.69999814033508]",139,4128.299940347672,0.8,1000,26,730,0.73,0.7013329625349527,0.757305849912405,730,0.73,0.7013329625349527,0.757305849912405,0.4449928057553957
interaction_CA_minus_OI,gaussian,G4_r10,G4,10.0,"[33.0, -39.0, 50.69999814033508]",139,4128.299940347672,1.0,1000,31,935,0.935,0.917898930078629,0.949479690310382,935,0.935,0.917898930078629,0.949479690310382,0.746431654676259
interaction_CA_minus_OI,centered_signflip_diagnostic,G4_r10,G4,10.0,"[33.0, -39.0, 50.69999814033508]",139,4128.299940347672,1.0,1000,26,946,0.946,0.9301259944229326,0.9591766488743692,946,0.946,0.9301259944229326,0.9591766488743692,0.7488561151079136
interaction_CA_minus_OI,gaussian,G4_r10,G4,10.0,"[33.0, -39.0, 50.69999814033508]",139,4128.299940347672,1.2,1000,31,989,0.989,0.9804033717779836,0.9944964058076864,989,0.989,0.9804033717779836,0.9944964058076864,0.9251151079136692
interaction_CA_minus_OI,centered_signflip_diagnostic,G4_r10,G4,10.0,"[33.0, -39.0, 50.69999814033508]",139,4128.299940347672,1.2,1000,26,992,0.992,0.9842979508239252,0.9965400238346708,992,0.992,0.9842979508239252,0.9965400238346708,0.9257194244604318
interaction_CA_minus_OI,gaussian,G4_r14,G4,14.0,"[33.0, -39.0, 50.69999814033508]",397,11790.899829626083,0.2,1000,31,32,0.032,0.0219888496056424,0.0448759028350092,34,0.034,0.0236586481075967,0.0471894386157074,0.0051712846347607
interaction_CA_minus_OI,centered_signflip_diagnostic,G4_r14,G4,14.0,"[33.0, -39.0, 50.69999814033508]",397,11790.899829626083,0.2,1000,26,36,0.036,0.0253389149298377,0.0494929117180123,38,0.038,0.0270288159829839,0.0517871036219641,0.0055717884130982
interaction_CA_minus_OI,gaussian,G4_r14,G4,14.0,"[33.0, -39.0, 50.69999814033508]",397,11790.899829626083,0.4,1000,31,182,0.182,0.158549653311438,0.2073388494901651,183,0.183,0.1594958343308956,0.2083866245441324,0.0407481108312342
interaction_CA_minus_OI,centered_signflip_diagnostic,G4_r14,G4,14.0,"[33.0, -39.0, 50.69999814033508]",397,11790.899829626083,0.4,1000,26,202,0.202,0.1775223361722083,0.2282455781398835,203,0.203,0.178473576324016,0.2292883232581409,0.0422292191435768
interaction_CA_minus_OI,gaussian,G4_r14,G4,14.0,"[33.0, -39.0, 50.69999814033508]",397,11790.899829626083,0.6,1000,31,521,0.521,0.4895144677688221,0.5523615687672608,521,0.521,0.4895144677688221,0.5523615687672608,0.1774987405541561
interaction_CA_minus_OI,centered_signflip_diagnostic,G4_r14,G4,14.0,"[33.0, -39.0, 50.69999814033508]",397,11790.899829626083,0.6,1000,26,567,0.567,0.5356301730589228,0.5979742576765859,567,0.567,0.5356301730589228,0.5979742576765859,0.1812191435768262
interaction_CA_minus_OI,gaussian,G4_r14,G4,14.0,"[33.0, -39.0, 50.69999814033508]",397,11790.899829626083,0.8,1000,31,894,0.894,0.8732469912184375,0.9123976349307878,894,0.894,0.8732469912184375,0.9123976349307878,0.4586675062972292
interaction_CA_minus_OI,centered_signflip_diagnostic,G4_r14,G4,14.0,"[33.0, -39.0, 50.69999814033508]",397,11790.899829626083,0.8,1000,26,915,0.915,0.8959680142216228,0.9315427212290098,915,0.915,0.8959680142216228,0.9315427212290098,0.4612770780856423
interaction_CA_minus_OI,gaussian,G4_r14,G4,14.0,"[33.0, -39.0, 50.69999814033508]",397,11790.899829626083,1.0,1000,31,990,0.99,0.9816867569448876,0.9951944893089508,990,0.99,0.9816867569448876,0.9951944893089508,0.7563476070528967
interaction_CA_minus_OI,centered_signflip_diagnostic,G4_r14,G4,14.0,"[33.0, -39.0, 50.69999814033508]",397,11790.899829626083,1.0,1000,26,995,0.995,0.988370529440188,0.9983745804824372,995,0.995,0.988370529440188,0.9983745804824372,0.7572090680100756
interaction_CA_minus_OI,gaussian,G4_r14,G4,14.0,"[33.0, -39.0, 50.69999814033508]",397,11790.899829626083,1.2,1000,31,999,0.999,0.9944410757201734,0.9999746825125088,999,0.999,0.9944410757201734,0.9999746825125088,0.9281057934508816
interaction_CA_minus_OI,centered_signflip_diagnostic,G4_r14,G4,14.0,"[33.0, -39.0, 50.69999814033508]",397,11790.899829626083,1.2,1000,26,999,0.999,0.9944410757201734,0.9999746825125088,999,0.999,0.9944410757201734,0.9999746825125088,0.9281788413098238
interaction_JX_minus_OI,gaussian,G1_r6,G1,6.0,"[-54.0, -45.0, 11.099998712539673]",31,920.6999866962434,0.2,1000,32,1,0.001,2.5317487491294045e-05,0.0055589242798266,2,0.002,0.0002423011168772,0.0072058389114574,0.0009677419354838
interaction_JX_minus_OI,centered_signflip_diagnostic,G1_r6,G1,6.0,"[-54.0, -45.0, 11.099998712539673]",31,920.6999866962434,0.2,1000,26,1,0.001,2.5317487491294045e-05,0.0055589242798266,2,0.002,0.0002423011168772,0.0072058389114574,0.0009677419354838
interaction_JX_minus_OI,gaussian,G1_r6,G1,6.0,"[-54.0, -45.0, 11.099998712539673]",31,920.6999866962434,0.4,1000,32,1,0.001,2.5317487491294045e-05,0.0055589242798266,2,0.002,0.0002423011168772,0.0072058389114574,0.0013548387096774
interaction_JX_minus_OI,centered_signflip_diagnostic,G1_r6,G1,6.0,"[-54.0, -45.0, 11.099998712539673]",31,920.6999866962434,0.4,1000,26,16,0.016,0.009172319269222,0.0258532490813734,17,0.017,0.0099335125927165,0.0270794968648513,0.0141935483870967
interaction_JX_minus_OI,gaussian,G1_r6,G1,6.0,"[-54.0, -45.0, 11.099998712539673]",31,920.6999866962434,0.6,1000,32,8,0.008,0.0034599761653293,0.0157020491760746,9,0.009,0.0041233956603424,0.0170157830698945,0.0083870967741935
interaction_JX_minus_OI,centered_signflip_diagnostic,G1_r6,G1,6.0,"[-54.0, -45.0, 11.099998712539673]",31,920.6999866962434,0.6,1000,26,78,0.078,0.062141213132714,0.0963936334025829,79,0.079,0.0630412028094598,0.0974870949069011,0.0733225806451613
interaction_JX_minus_OI,gaussian,G1_r6,G1,6.0,"[-54.0, -45.0, 11.099998712539673]",31,920.6999866962434,0.8,1000,32,15,0.015,0.0084190497500343,0.0246197000970411,15,0.015,0.0084190497500343,0.0246197000970411,0.0144516129032258
interaction_JX_minus_OI,centered_signflip_diagnostic,G1_r6,G1,6.0,"[-54.0, -45.0, 11.099998712539673]",31,920.6999866962434,0.8,1000,26,301,0.301,0.2726912438793317,0.3304856080554491,301,0.301,0.2726912438793317,0.3304856080554491,0.2840967741935484
interaction_JX_minus_OI,gaussian,G1_r6,G1,6.0,"[-54.0, -45.0, 11.099998712539673]",31,920.6999866962434,1.0,1000,32,18,0.018,0.0107019479294147,0.0282990412490191,18,0.018,0.0107019479294147,0.0282990412490191,0.0179677419354838
interaction_JX_minus_OI,centered_signflip_diagnostic,G1_r6,G1,6.0,"[-54.0, -45.0, 11.099998712539673]",31,920.6999866962434,1.0,1000,26,627,0.627,0.5961878424018665,0.6570619651881673,627,0.627,0.5961878424018665,0.6570619651881673,0.6078387096774194
interaction_JX_minus_OI,gaussian,G1_r6,G1,6.0,"[-54.0, -45.0, 11.099998712539673]",31,920.6999866962434,1.2,1000,32,19,0.019,0.0114770369931009,0.0295124016250978,19,0.019,0.0114770369931009,0.0295124016250978,0.019
interaction_JX_minus_OI,centered_signflip_diagnostic,G1_r6,G1,6.0,"[-54.0, -45.0, 11.099998712539673]",31,920.6999866962434,1.2,1000,26,882,0.882,0.8603722794655597,0.9013474836051032,882,0.882,0.8603722794655597,0.9013474836051032,0.8706774193548387
interaction_JX_minus_OI,gaussian,G1_r10,G1,10.0,"[-54.0, -45.0, 11.099998712539673]",139,4128.299940347672,0.2,1000,32,9,0.009,0.0041233956603424,0.0170157830698945,12,0.012,0.0062155255595952,0.0208676795910364,0.0030791366906474
interaction_JX_minus_OI,centered_signflip_diagnostic,G1_r10,G1,10.0,"[-54.0, -45.0, 11.099998712539673]",139,4128.299940347672,0.2,1000,26,12,0.012,0.0062155255595952,0.0208676795910364,16,0.016,0.009172319269222,0.0258532490813734,0.0035539568345323
interaction_JX_minus_OI,gaussian,G1_r10,G1,10.0,"[-54.0, -45.0, 11.099998712539673]",139,4128.299940347672,0.4,1000,32,72,0.072,0.0567586875545616,0.0898157491753507,73,0.073,0.0576536252279326,0.0909141753945012,0.0283309352517985
interaction_JX_minus_OI,centered_signflip_diagnostic,G1_r10,G1,10.0,"[-54.0, -45.0, 11.099998712539673]",139,4128.299940347672,0.4,1000,26,86,0.086,0.0693625305724136,0.1051202684343266,87,0.087,0.0702684860713786,0.1062078579570212,0.0312805755395683
interaction_JX_minus_OI,gaussian,G1_r10,G1,10.0,"[-54.0, -45.0, 11.099998712539673]",139,4128.299940347672,0.6,1000,32,312,0.312,0.2833731763872893,0.3417383761445691,312,0.312,0.2833731763872893,0.3417383761445691,0.1528273381294964
interaction_JX_minus_OI,centered_signflip_diagnostic,G1_r10,G1,10.0,"[-54.0, -45.0, 11.099998712539673]",139,4128.299940347672,0.6,1000,26,351,0.351,0.3213937931189768,0.3814866010926248,351,0.351,0.3213937931189768,0.3814866010926248,0.1608057553956834
interaction_JX_minus_OI,gaussian,G1_r10,G1,10.0,"[-54.0, -45.0, 11.099998712539673]",139,4128.299940347672,0.8,1000,32,695,0.695,0.6654202687626467,0.7234266304683377,695,0.695,0.6654202687626467,0.7234266304683377,0.4326978417266187
interaction_JX_minus_OI,centered_signflip_diagnostic,G1_r10,G1,10.0,"[-54.0, -45.0, 11.099998712539673]",139,4128.299940347672,0.8,1000,26,727,0.727,0.6982466146646501,0.7544100594128343,727,0.727,0.6982466146646501,0.7544100594128343,0.439273381294964
interaction_JX_minus_OI,gaussian,G1_r10,G1,10.0,"[-54.0, -45.0, 11.099998712539673]",139,4128.299940347672,1.0,1000,32,938,0.938,0.9212200503389676,0.9521381518866388,938,0.938,0.9212200503389676,0.9521381518866388,0.7451151079136691
interaction_JX_minus_OI,centered_signflip_diagnostic,G1_r10,G1,10.0,"[-54.0, -45.0, 11.099998712539673]",139,4128.299940347672,1.0,1000,26,958,0.958,0.9436497084242552,0.96956529373686,958,0.958,0.9436497084242552,0.96956529373686,0.749431654676259
interaction_JX_minus_OI,gaussian,G1_r10,G1,10.0,"[-54.0, -45.0, 11.099998712539673]",139,4128.299940347672,1.2,1000,32,998,0.998,0.9927941610885423,0.9997576988831228,998,0.998,0.9927941610885423,0.9997576988831228,0.9254748201438848
interaction_JX_minus_OI,centered_signflip_diagnostic,G1_r10,G1,10.0,"[-54.0, -45.0, 11.099998712539673]",139,4128.299940347672,1.2,1000,26,999,0.999,0.9944410757201734,0.9999746825125088,999,0.999,0.9944410757201734,0.9999746825125088,0.9256906474820144
interaction_JX_minus_OI,gaussian,G1_r14,G1,14.0,"[-54.0, -45.0, 11.099998712539673]",397,11790.899829626083,0.2,1000,32,24,0.024,0.0154363832335084,0.0355006385313591,25,0.025,0.0162425356968822,0.036684823051923,0.0033551637279596
interaction_JX_minus_OI,centered_signflip_diagnostic,G1_r14,G1,14.0,"[-54.0, -45.0, 11.099998712539673]",397,11790.899829626083,0.2,1000,26,32,0.032,0.0219888496056424,0.0448759028350092,34,0.034,0.0236586481075967,0.0471894386157074,0.0038790931989924
interaction_JX_minus_OI,gaussian,G1_r14,G1,14.0,"[-54.0, -45.0, 11.099998712539673]",397,11790.899829626083,0.4,1000,32,160,0.16,0.1378051852218832,0.1842167527585027,160,0.16,0.1378051852218832,0.1842167527585027,0.0319345088161209
interaction_JX_minus_OI,centered_signflip_diagnostic,G1_r14,G1,14.0,"[-54.0, -45.0, 11.099998712539673]",397,11790.899829626083,0.4,1000,26,201,0.201,0.1765713352288396,0.227202595101185,201,0.201,0.1765713352288396,0.227202595101185,0.0351435768261964
interaction_JX_minus_OI,gaussian,G1_r14,G1,14.0,"[-54.0, -45.0, 11.099998712539673]",397,11790.899829626083,0.6,1000,32,559,0.559,0.527590975570001,0.5900607020952654,559,0.559,0.527590975570001,0.5900607020952654,0.1733047858942065
interaction_JX_minus_OI,centered_signflip_diagnostic,G1_r14,G1,14.0,"[-54.0, -45.0, 11.099998712539673]",397,11790.899829626083,0.6,1000,26,597,0.597,0.565850043764274,0.6275771456439845,597,0.597,0.565850043764274,0.6275771456439845,0.1775944584382871
interaction_JX_minus_OI,gaussian,G1_r14,G1,14.0,"[-54.0, -45.0, 11.099998712539673]",397,11790.899829626083,0.8,1000,32,919,0.919,0.9003283010315127,0.935156460291505,919,0.919,0.9003283010315127,0.935156460291505,0.4625768261964735
interaction_JX_minus_OI,centered_signflip_diagnostic,G1_r14,G1,14.0,"[-54.0, -45.0, 11.099998712539673]",397,11790.899829626083,0.8,1000,26,937,0.937,0.9201119581266456,0.9512530724434194,937,0.937,0.9201119581266456,0.9512530724434194,0.464992443324937
interaction_JX_minus_OI,gaussian,G1_r14,G1,14.0,"[-54.0, -45.0, 11.099998712539673]",397,11790.899829626083,1.0,1000,32,996,0.996,0.98979033531607,0.998909092012274,996,0.996,0.98979033531607,0.998909092012274,0.7549798488664987
interaction_JX_minus_OI,centered_signflip_diagnostic,G1_r14,G1,14.0,"[-54.0, -45.0, 11.099998712539673]",397,11790.899829626083,1.0,1000,26,999,0.999,0.9944410757201734,0.9999746825125088,999,0.999,0.9944410757201734,0.9999746825125088,0.7555566750629723
interaction_JX_minus_OI,gaussian,G1_r14,G1,14.0,"[-54.0, -45.0, 11.099998712539673]",397,11790.899829626083,1.2,1000,32,1000,1.0,0.9963179161031344,1.0,1000,1.0,0.9963179161031344,1.0,0.9249722921914356
interaction_JX_minus_OI,centered_signflip_diagnostic,G1_r14,G1,14.0,"[-54.0, -45.0, 11.099998712539673]",397,11790.899829626083,1.2,1000,26,1000,1.0,0.9963179161031344,1.0,1000,1.0,0.9963179161031344,1.0,0.9249722921914356
interaction_JX_minus_OI,gaussian,G2_r6,G2,6.0,"[36.0, 45.0, 7.799998760223389]",31,920.6999866962434,0.2,1000,32,1,0.001,2.5317487491294045e-05,0.0055589242798266,1,0.001,2.5317487491294045e-05,0.0055589242798266,0.0002258064516129
interaction_JX_minus_OI,centered_signflip_diagnostic,G2_r6,G2,6.0,"[36.0, 45.0, 7.799998760223389]",31,920.6999866962434,0.2,1000,26,2,0.002,0.0002423011168772,0.0072058389114574,2,0.002,0.0002423011168772,0.0072058389114574,0.0008064516129032
interaction_JX_minus_OI,gaussian,G2_r6,G2,6.0,"[36.0, 45.0, 7.799998760223389]",31,920.6999866962434,0.4,1000,32,3,0.003,0.0006190999316495,0.0087420232384783,3,0.003,0.0006190999316495,0.0087420232384783,0.0019032258064516
interaction_JX_minus_OI,centered_signflip_diagnostic,G2_r6,G2,6.0,"[36.0, 45.0, 7.799998760223389]",31,920.6999866962434,0.4,1000,26,5,0.005,0.0016254195175627,0.0116294705598121,5,0.005,0.0016254195175627,0.0116294705598121,0.0034516129032258
interaction_JX_minus_OI,gaussian,G2_r6,G2,6.0,"[36.0, 45.0, 7.799998760223389]",31,920.6999866962434,0.6,1000,32,7,0.007,0.0028188587596205,0.0143691949789186,7,0.007,0.0028188587596205,0.0143691949789186,0.006
interaction_JX_minus_OI,centered_signflip_diagnostic,G2_r6,G2,6.0,"[36.0, 45.0, 7.799998760223389]",31,920.6999866962434,0.6,1000,26,39,0.039,0.0278771487953364,0.052930935785445,39,0.039,0.0278771487953364,0.052930935785445,0.0341290322580645
interaction_JX_minus_OI,gaussian,G2_r6,G2,6.0,"[36.0, 45.0, 7.799998760223389]",31,920.6999866962434,0.8,1000,32,12,0.012,0.0062155255595952,0.0208676795910364,12,0.012,0.0062155255595952,0.0208676795910364,0.0112258064516129
interaction_JX_minus_OI,centered_signflip_diagnostic,G2_r6,G2,6.0,"[36.0, 45.0, 7.799998760223389]",31,920.6999866962434,0.8,1000,26,191,0.191,0.1670747850541092,0.2167593800134611,191,0.191,0.1670747850541092,0.2167593800134611,0.1761290322580645
interaction_JX_minus_OI,gaussian,G2_r6,G2,6.0,"[36.0, 45.0, 7.799998760223389]",31,920.6999866962434,1.0,1000,32,22,0.022,0.0138374141720738,0.0331196645149877,22,0.022,0.0138374141720738,0.0331196645149877,0.0215483870967741
interaction_JX_minus_OI,centered_signflip_diagnostic,G2_r6,G2,6.0,"[36.0, 45.0, 7.799998760223389]",31,920.6999866962434,1.0,1000,26,551,0.551,0.5195598572878695,0.5821390616137205,551,0.551,0.5195598572878695,0.5821390616137205,0.5261935483870969
interaction_JX_minus_OI,gaussian,G2_r6,G2,6.0,"[36.0, 45.0, 7.799998760223389]",31,920.6999866962434,1.2,1000,32,27,0.027,0.0178669059252497,0.0390417468059701,27,0.027,0.0178669059252497,0.0390417468059701,0.0269354838709677
interaction_JX_minus_OI,centered_signflip_diagnostic,G2_r6,G2,6.0,"[36.0, 45.0, 7.799998760223389]",31,920.6999866962434,1.2,1000,26,867,0.867,0.8443706729528717,0.8874420356131526,867,0.867,0.8443706729528717,0.8874420356131526,0.8495483870967742
interaction_JX_minus_OI,gaussian,G2_r10,G2,10.0,"[36.0, 45.0, 7.799998760223389]",139,4128.299940347672,0.2,1000,32,7,0.007,0.0028188587596205,0.0143691949789186,8,0.008,0.0034599761653293,0.0157020491760746,0.0019352517985611
interaction_JX_minus_OI,centered_signflip_diagnostic,G2_r10,G2,10.0,"[36.0, 45.0, 7.799998760223389]",139,4128.299940347672,0.2,1000,26,12,0.012,0.0062155255595952,0.0208676795910364,13,0.013,0.0069396175028514,0.0221278036367784,0.002820143884892
interaction_JX_minus_OI,gaussian,G2_r10,G2,10.0,"[36.0, 45.0, 7.799998760223389]",139,4128.299940347672,0.4,1000,32,63,0.063,0.0487469275565805,0.0798880418733545,63,0.063,0.0487469275565805,0.0798880418733545,0.0226115107913669
interaction_JX_minus_OI,centered_signflip_diagnostic,G2_r10,G2,10.0,"[36.0, 45.0, 7.799998760223389]",139,4128.299940347672,0.4,1000,26,82,0.082,0.0657458602718319,0.1007628674153113,82,0.082,0.0657458602718319,0.1007628674153113,0.0265035971223021
interaction_JX_minus_OI,gaussian,G2_r10,G2,10.0,"[36.0, 45.0, 7.799998760223389]",139,4128.299940347672,0.6,1000,32,336,0.336,0.3067438594686291,0.3662253829372324,336,0.336,0.3067438594686291,0.3662253829372324,0.1448057553956834
interaction_JX_minus_OI,centered_signflip_diagnostic,G2_r10,G2,10.0,"[36.0, 45.0, 7.799998760223389]",139,4128.299940347672,0.6,1000,26,390,0.39,0.3596313399726172,0.4210183157288176,390,0.39,0.3596313399726172,0.4210183157288176,0.155841726618705
interaction_JX_minus_OI,gaussian,G2_r10,G2,10.0,"[36.0, 45.0, 7.799998760223389]",139,4128.299940347672,0.8,1000,32,779,0.779,0.7519815367883572,0.8043646255471616,779,0.779,0.7519815367883572,0.8043646255471616,0.4435035971223021
interaction_JX_minus_OI,centered_signflip_diagnostic,G2_r10,G2,10.0,"[36.0, 45.0, 7.799998760223389]",139,4128.299940347672,0.8,1000,26,820,0.82,0.7947575059722134,0.8433418983289862,820,0.82,0.7947575059722134,0.8433418983289862,0.4520935251798561
interaction_JX_minus_OI,gaussian,G2_r10,G2,10.0,"[36.0, 45.0, 7.799998760223389]",139,4128.299940347672,1.0,1000,32,964,0.964,0.9505070882819876,0.9746610850701622,964,0.964,0.9505070882819876,0.9746610850701622,0.7559064748201438
interaction_JX_minus_OI,centered_signflip_diagnostic,G2_r10,G2,10.0,"[36.0, 45.0, 7.799998760223389]",139,4128.299940347672,1.0,1000,26,974,0.974,0.9621348775210784,0.9829472136543704,974,0.974,0.9621348775210784,0.9829472136543704,0.7579208633093525
interaction_JX_minus_OI,gaussian,G2_r10,G2,10.0,"[36.0, 45.0, 7.799998760223389]",139,4128.299940347672,1.2,1000,32,998,0.998,0.9927941610885423,0.9997576988831228,998,0.998,0.9927941610885423,0.9997576988831228,0.9286043165467626
interaction_JX_minus_OI,centered_signflip_diagnostic,G2_r10,G2,10.0,"[36.0, 45.0, 7.799998760223389]",139,4128.299940347672,1.2,1000,26,999,0.999,0.9944410757201734,0.9999746825125088,999,0.999,0.9944410757201734,0.9999746825125088,0.9288057553956836
interaction_JX_minus_OI,gaussian,G2_r14,G2,14.0,"[36.0, 45.0, 7.799998760223389]",397,11790.899829626083,0.2,1000,32,23,0.023,0.0146345823251767,0.0343123376128543,25,0.025,0.0162425356968822,0.036684823051923,0.0034659949622166
interaction_JX_minus_OI,centered_signflip_diagnostic,G2_r14,G2,14.0,"[36.0, 45.0, 7.799998760223389]",397,11790.899829626083,0.2,1000,26,28,0.028,0.0186846861955375,0.0402148873738433,32,0.032,0.0219888496056424,0.0448759028350092,0.0038513853904282
interaction_JX_minus_OI,gaussian,G2_r14,G2,14.0,"[36.0, 45.0, 7.799998760223389]",397,11790.899829626083,0.4,1000,32,172,0.172,0.1491029641479785,0.196846073944739,172,0.172,0.1491029641479785,0.196846073944739,0.0338841309823677
interaction_JX_minus_OI,centered_signflip_diagnostic,G2_r14,G2,14.0,"[36.0, 45.0, 7.799998760223389]",397,11790.899829626083,0.4,1000,26,210,0.21,0.1851388463685058,0.2365809848578131,210,0.21,0.1851388463685058,0.2365809848578131,0.0369395465994962
interaction_JX_minus_OI,gaussian,G2_r14,G2,14.0,"[36.0, 45.0, 7.799998760223389]",397,11790.899829626083,0.6,1000,32,629,0.629,0.5982146703097383,0.6590233055000472,629,0.629,0.5982146703097383,0.6590233055000472,0.1791738035264483
interaction_JX_minus_OI,centered_signflip_diagnostic,G2_r14,G2,14.0,"[36.0, 45.0, 7.799998760223389]",397,11790.899829626083,0.6,1000,26,680,0.68,0.6500896181471334,0.7088462891186512,680,0.68,0.6500896181471334,0.7088462891186512,0.1838765743073047
interaction_JX_minus_OI,gaussian,G2_r14,G2,14.0,"[36.0, 45.0, 7.799998760223389]",397,11790.899829626083,0.8,1000,32,954,0.954,0.9391164472862572,0.966128501452322,954,0.954,0.9391164472862572,0.966128501452322,0.4696523929471032
interaction_JX_minus_OI,centered_signflip_diagnostic,G2_r14,G2,14.0,"[36.0, 45.0, 7.799998760223389]",397,11790.899829626083,0.8,1000,26,973,0.973,0.9609582531940298,0.9821330940747502,973,0.973,0.9609582531940298,0.9821330940747502,0.4717783375314861
interaction_JX_minus_OI,gaussian,G2_r14,G2,14.0,"[36.0, 45.0, 7.799998760223389]",397,11790.899829626083,1.0,1000,32,1000,1.0,0.9963179161031344,1.0,1000,1.0,0.9963179161031344,1.0,0.7637808564231738
interaction_JX_minus_OI,centered_signflip_diagnostic,G2_r14,G2,14.0,"[36.0, 45.0, 7.799998760223389]",397,11790.899829626083,1.0,1000,26,1000,1.0,0.9963179161031344,1.0,1000,1.0,0.9963179161031344,1.0,0.7637808564231738
interaction_JX_minus_OI,gaussian,G2_r14,G2,14.0,"[36.0, 45.0, 7.799998760223389]",397,11790.899829626083,1.2,1000,32,1000,1.0,0.9963179161031344,1.0,1000,1.0,0.9963179161031344,1.0,0.9291259445843828
interaction_JX_minus_OI,centered_signflip_diagnostic,G2_r14,G2,14.0,"[36.0, 45.0, 7.799998760223389]",397,11790.899829626083,1.2,1000,26,1000,1.0,0.9963179161031344,1.0,1000,1.0,0.9963179161031344,1.0,0.9291259445843828
interaction_JX_minus_OI,gaussian,G3_r6,G3,6.0,"[33.0, -66.0, -41.700000524520874]",31,920.6999866962434,0.2,1000,32,0,0.0,0.0,0.0036820838968656,0,0.0,0.0,0.0036820838968656,0.0
interaction_JX_minus_OI,centered_signflip_diagnostic,G3_r6,G3,6.0,"[33.0, -66.0, -41.700000524520874]",31,920.6999866962434,0.2,1000,26,1,0.001,2.5317487491294045e-05,0.0055589242798266,3,0.003,0.0006190999316495,0.0087420232384783,0.0012903225806451
interaction_JX_minus_OI,gaussian,G3_r6,G3,6.0,"[33.0, -66.0, -41.700000524520874]",31,920.6999866962434,0.4,1000,32,6,0.006,0.0022049824851513,0.0130134232709744,6,0.006,0.0022049824851513,0.0130134232709744,0.0043225806451612
interaction_JX_minus_OI,centered_signflip_diagnostic,G3_r6,G3,6.0,"[33.0, -66.0, -41.700000524520874]",31,920.6999866962434,0.4,1000,26,18,0.018,0.0107019479294147,0.0282990412490191,18,0.018,0.0107019479294147,0.0282990412490191,0.0143548387096774
interaction_JX_minus_OI,gaussian,G3_r6,G3,6.0,"[33.0, -66.0, -41.700000524520874]",31,920.6999866962434,0.6,1000,32,10,0.01,0.0048055106910493,0.0183132430551124,10,0.01,0.0048055106910493,0.0183132430551124,0.009516129032258
interaction_JX_minus_OI,centered_signflip_diagnostic,G3_r6,G3,6.0,"[33.0, -66.0, -41.700000524520874]",31,920.6999866962434,0.6,1000,26,76,0.076,0.0603436611799018,0.0942043236449021,76,0.076,0.0603436611799018,0.0942043236449021,0.0704838709677419
interaction_JX_minus_OI,gaussian,G3_r6,G3,6.0,"[33.0, -66.0, -41.700000524520874]",31,920.6999866962434,0.8,1000,32,13,0.013,0.0069396175028514,0.0221278036367784,13,0.013,0.0069396175028514,0.0221278036367784,0.0128709677419354
interaction_JX_minus_OI,centered_signflip_diagnostic,G3_r6,G3,6.0,"[33.0, -66.0, -41.700000524520874]",31,920.6999866962434,0.8,1000,26,277,0.277,0.2494534420070102,0.3058660765841771,277,0.277,0.2494534420070102,0.3058660765841771,0.2630645161290322
interaction_JX_minus_OI,gaussian,G3_r6,G3,6.0,"[33.0, -66.0, -41.700000524520874]",31,920.6999866962434,1.0,1000,32,19,0.019,0.0114770369931009,0.0295124016250978,19,0.019,0.0114770369931009,0.0295124016250978,0.0186451612903225
interaction_JX_minus_OI,centered_signflip_diagnostic,G3_r6,G3,6.0,"[33.0, -66.0, -41.700000524520874]",31,920.6999866962434,1.0,1000,26,585,0.585,0.5537481738680581,0.6157499260746572,585,0.585,0.5537481738680581,0.6157499260746572,0.5680645161290322
interaction_JX_minus_OI,gaussian,G3_r6,G3,6.0,"[33.0, -66.0, -41.700000524520874]",31,920.6999866962434,1.2,1000,32,21,0.021,0.0130451922903876,0.0319223351804155,21,0.021,0.0130451922903876,0.0319223351804155,0.0208709677419354
interaction_JX_minus_OI,centered_signflip_diagnostic,G3_r6,G3,6.0,"[33.0, -66.0, -41.700000524520874]",31,920.6999866962434,1.2,1000,26,853,0.853,0.8295159201209108,0.8743827888664886,853,0.853,0.8295159201209108,0.8743827888664886,0.8404516129032258
interaction_JX_minus_OI,gaussian,G3_r10,G3,10.0,"[33.0, -66.0, -41.700000524520874]",139,4128.299940347672,0.2,1000,32,13,0.013,0.0069396175028514,0.0221278036367784,15,0.015,0.0084190497500343,0.0246197000970411,0.0039712230215827
interaction_JX_minus_OI,centered_signflip_diagnostic,G3_r10,G3,10.0,"[33.0, -66.0, -41.700000524520874]",139,4128.299940347672,0.2,1000,26,16,0.016,0.009172319269222,0.0258532490813734,18,0.018,0.0107019479294147,0.0282990412490191,0.0044964028776978
interaction_JX_minus_OI,gaussian,G3_r10,G3,10.0,"[33.0, -66.0, -41.700000524520874]",139,4128.299940347672,0.4,1000,32,65,0.065,0.0505203096896179,0.082101069921371,67,0.067,0.0522978364000451,0.0843100371024414,0.0286402877697841
interaction_JX_minus_OI,centered_signflip_diagnostic,G3_r10,G3,10.0,"[33.0, -66.0, -41.700000524520874]",139,4128.299940347672,0.4,1000,26,80,0.08,0.0639419828466733,0.0985797790479021,82,0.082,0.0657458602718319,0.1007628674153113,0.0316043165467625
interaction_JX_minus_OI,gaussian,G3_r10,G3,10.0,"[33.0, -66.0, -41.700000524520874]",139,4128.299940347672,0.6,1000,32,302,0.302,0.2736615359459944,0.3315093775414458,302,0.302,0.2736615359459944,0.3315093775414458,0.1517553956834532
interaction_JX_minus_OI,centered_signflip_diagnostic,G3_r10,G3,10.0,"[33.0, -66.0, -41.700000524520874]",139,4128.299940347672,0.6,1000,26,337,0.337,0.3077195058402127,0.3672438112476698,337,0.337,0.3077195058402127,0.3672438112476698,0.1594748201438849
interaction_JX_minus_OI,gaussian,G3_r10,G3,10.0,"[33.0, -66.0, -41.700000524520874]",139,4128.299940347672,0.8,1000,32,662,0.662,0.6317379065986055,0.6913047013179054,662,0.662,0.6317379065986055,0.6913047013179054,0.4272589928057554
interaction_JX_minus_OI,centered_signflip_diagnostic,G3_r10,G3,10.0,"[33.0, -66.0, -41.700000524520874]",139,4128.299940347672,0.8,1000,26,710,0.71,0.6807865098815258,0.7379712849550526,710,0.71,0.6807865098815258,0.7379712849550526,0.4372446043165467
interaction_JX_minus_OI,gaussian,G3_r10,G3,10.0,"[33.0, -66.0, -41.700000524520874]",139,4128.299940347672,1.0,1000,32,921,0.921,0.9025129050930988,0.93695879719054,921,0.921,0.9025129050930988,0.93695879719054,0.7306330935251799
interaction_JX_minus_OI,centered_signflip_diagnostic,G3_r10,G3,10.0,"[33.0, -66.0, -41.700000524520874]",139,4128.299940347672,1.0,1000,26,936,0.936,0.919004925632949,0.950366910708151,936,0.936,0.919004925632949,0.950366910708151,0.7336762589928058
interaction_JX_minus_OI,gaussian,G3_r10,G3,10.0,"[33.0, -66.0, -41.700000524520874]",139,4128.299940347672,1.2,1000,32,988,0.988,0.9791323204089636,0.9937844744404049,988,0.988,0.9791323204089636,0.9937844744404049,0.917179856115108
interaction_JX_minus_OI,centered_signflip_diagnostic,G3_r10,G3,10.0,"[33.0, -66.0, -41.700000524520874]",139,4128.299940347672,1.2,1000,26,991,0.991,0.9829842169301054,0.9958766043396576,991,0.991,0.9829842169301054,0.9958766043396576,0.9177841726618704
interaction_JX_minus_OI,gaussian,G3_r14,G3,14.0,"[33.0, -66.0, -41.700000524520874]",397,11790.899829626083,0.2,1000,32,24,0.024,0.0154363832335084,0.0355006385313591,25,0.025,0.0162425356968822,0.036684823051923,0.0040428211586901
interaction_JX_minus_OI,centered_signflip_diagnostic,G3_r14,G3,14.0,"[33.0, -66.0, -41.700000524520874]",397,11790.899829626083,0.2,1000,26,29,0.029,0.0195059373243846,0.0413847191164019,30,0.03,0.0203304856831096,0.042551402470029,0.0044584382871536
interaction_JX_minus_OI,gaussian,G3_r14,G3,14.0,"[33.0, -66.0, -41.700000524520874]",397,11790.899829626083,0.4,1000,32,155,0.155,0.1331109127559674,0.1789414948866552,155,0.155,0.1331109127559674,0.1789414948866552,0.0355188916876574
interaction_JX_minus_OI,centered_signflip_diagnostic,G3_r14,G3,14.0,"[33.0, -66.0, -41.700000524520874]",397,11790.899829626083,0.4,1000,26,176,0.176,0.1528782896164313,0.2010465127178077,178,0.178,0.1547676422959431,0.2031450531822376,0.0375163727959697
interaction_JX_minus_OI,gaussian,G3_r14,G3,14.0,"[33.0, -66.0, -41.700000524520874]",397,11790.899829626083,0.6,1000,32,505,0.505,0.4735359613150015,0.5364345240798918,505,0.505,0.4735359613150015,0.5364345240798918,0.1740352644836272
interaction_JX_minus_OI,centered_signflip_diagnostic,G3_r14,G3,14.0,"[33.0, -66.0, -41.700000524520874]",397,11790.899829626083,0.6,1000,26,551,0.551,0.5195598572878695,0.5821390616137205,551,0.551,0.5195598572878695,0.5821390616137205,0.1781788413098236
interaction_JX_minus_OI,gaussian,G3_r14,G3,14.0,"[33.0, -66.0, -41.700000524520874]",397,11790.899829626083,0.8,1000,32,844,0.844,0.8200028150110137,0.8659508761108913,844,0.844,0.8200028150110137,0.8659508761108913,0.457639798488665
interaction_JX_minus_OI,centered_signflip_diagnostic,G3_r14,G3,14.0,"[33.0, -66.0, -41.700000524520874]",397,11790.899829626083,0.8,1000,26,870,0.87,0.8475635053995598,0.8902306875462955,870,0.87,0.8475635053995598,0.8902306875462955,0.4601637279596977
interaction_JX_minus_OI,gaussian,G3_r14,G3,14.0,"[33.0, -66.0, -41.700000524520874]",397,11790.899829626083,1.0,1000,32,980,0.98,0.9692799673173907,0.9877417320275936,980,0.98,0.9692799673173907,0.9877417320275936,0.7494256926952141
interaction_JX_minus_OI,centered_signflip_diagnostic,G3_r14,G3,14.0,"[33.0, -66.0, -41.700000524520874]",397,11790.899829626083,1.0,1000,26,986,0.986,0.9766218439896855,0.9923254984349792,986,0.986,0.9766218439896855,0.9923254984349792,0.7503400503778337
interaction_JX_minus_OI,gaussian,G3_r14,G3,14.0,"[33.0, -66.0, -41.700000524520874]",397,11790.899829626083,1.2,1000,32,1000,1.0,0.9963179161031344,1.0,1000,1.0,0.9963179161031344,1.0,0.9229370277078086
interaction_JX_minus_OI,centered_signflip_diagnostic,G3_r14,G3,14.0,"[33.0, -66.0, -41.700000524520874]",397,11790.899829626083,1.2,1000,26,1000,1.0,0.9963179161031344,1.0,1000,1.0,0.9963179161031344,1.0,0.9230050377833752
interaction_JX_minus_OI,gaussian,G4_r6,G4,6.0,"[33.0, -39.0, 50.69999814033508]",31,920.6999866962434,0.2,1000,32,4,0.004,0.0010909079877259,0.0102096646839298,7,0.007,0.0028188587596205,0.0143691949789186,0.002516129032258
interaction_JX_minus_OI,centered_signflip_diagnostic,G4_r6,G4,6.0,"[33.0, -39.0, 50.69999814033508]",31,920.6999866962434,0.2,1000,26,4,0.004,0.0010909079877259,0.0102096646839298,7,0.007,0.0028188587596205,0.0143691949789186,0.002516129032258
interaction_JX_minus_OI,gaussian,G4_r6,G4,6.0,"[33.0, -39.0, 50.69999814033508]",31,920.6999866962434,0.4,1000,32,6,0.006,0.0022049824851513,0.0130134232709744,7,0.007,0.0028188587596205,0.0143691949789186,0.0044193548387096
interaction_JX_minus_OI,centered_signflip_diagnostic,G4_r6,G4,6.0,"[33.0, -39.0, 50.69999814033508]",31,920.6999866962434,0.4,1000,26,17,0.017,0.0099335125927165,0.0270794968648513,18,0.018,0.0107019479294147,0.0282990412490191,0.0130967741935483
interaction_JX_minus_OI,gaussian,G4_r6,G4,6.0,"[33.0, -39.0, 50.69999814033508]",31,920.6999866962434,0.6,1000,32,14,0.014,0.0076745015650207,0.0233781560103145,14,0.014,0.0076745015650207,0.0233781560103145,0.0126774193548387
interaction_JX_minus_OI,centered_signflip_diagnostic,G4_r6,G4,6.0,"[33.0, -39.0, 50.69999814033508]",31,920.6999866962434,0.6,1000,26,65,0.065,0.0505203096896179,0.082101069921371,65,0.065,0.0505203096896179,0.082101069921371,0.0587096774193548
interaction_JX_minus_OI,gaussian,G4_r6,G4,6.0,"[33.0, -39.0, 50.69999814033508]",31,920.6999866962434,0.8,1000,32,21,0.021,0.0130451922903876,0.0319223351804155,21,0.021,0.0130451922903876,0.0319223351804155,0.0206774193548387
interaction_JX_minus_OI,centered_signflip_diagnostic,G4_r6,G4,6.0,"[33.0, -39.0, 50.69999814033508]",31,920.6999866962434,0.8,1000,26,242,0.242,0.2157459378681648,0.2697822445473692,242,0.242,0.2157459378681648,0.2697822445473692,0.2279999999999999
interaction_JX_minus_OI,gaussian,G4_r6,G4,6.0,"[33.0, -39.0, 50.69999814033508]",31,920.6999866962434,1.0,1000,32,25,0.025,0.0162425356968822,0.036684823051923,25,0.025,0.0162425356968822,0.036684823051923,0.0249677419354838
interaction_JX_minus_OI,centered_signflip_diagnostic,G4_r6,G4,6.0,"[33.0, -39.0, 50.69999814033508]",31,920.6999866962434,1.0,1000,26,595,0.595,0.5638317636619659,0.6256072456340386,595,0.595,0.5638317636619659,0.6256072456340386,0.5717741935483871
interaction_JX_minus_OI,gaussian,G4_r6,G4,6.0,"[33.0, -39.0, 50.69999814033508]",31,920.6999866962434,1.2,1000,32,27,0.027,0.0178669059252497,0.0390417468059701,27,0.027,0.0178669059252497,0.0390417468059701,0.027
interaction_JX_minus_OI,centered_signflip_diagnostic,G4_r6,G4,6.0,"[33.0, -39.0, 50.69999814033508]",31,920.6999866962434,1.2,1000,26,880,0.88,0.8582331362071746,0.8994990762518321,880,0.88,0.8582331362071746,0.8994990762518321,0.8654516129032258
interaction_JX_minus_OI,gaussian,G4_r10,G4,10.0,"[33.0, -39.0, 50.69999814033508]",139,4128.299940347672,0.2,1000,32,13,0.013,0.0069396175028514,0.0221278036367784,17,0.017,0.0099335125927165,0.0270794968648513,0.0047697841726618
interaction_JX_minus_OI,centered_signflip_diagnostic,G4_r10,G4,10.0,"[33.0, -39.0, 50.69999814033508]",139,4128.299940347672,0.2,1000,26,15,0.015,0.0084190497500343,0.0246197000970411,20,0.02,0.0122582679724063,0.0307200326826091,0.0051007194244604
interaction_JX_minus_OI,gaussian,G4_r10,G4,10.0,"[33.0, -39.0, 50.69999814033508]",139,4128.299940347672,0.4,1000,32,76,0.076,0.0603436611799018,0.0942043236449021,77,0.077,0.0612420277835489,0.0952993809782596,0.0301870503597122
interaction_JX_minus_OI,centered_signflip_diagnostic,G4_r10,G4,10.0,"[33.0, -39.0, 50.69999814033508]",139,4128.299940347672,0.4,1000,26,95,0.095,0.0775402070816549,0.114884844404452,96,0.096,0.0784520362474224,0.1159666433628768,0.0340143884892086
interaction_JX_minus_OI,gaussian,G4_r10,G4,10.0,"[33.0, -39.0, 50.69999814033508]",139,4128.299940347672,0.6,1000,32,337,0.337,0.3077195058402127,0.3672438112476698,337,0.337,0.3077195058402127,0.3672438112476698,0.1603812949640287
interaction_JX_minus_OI,centered_signflip_diagnostic,G4_r10,G4,10.0,"[33.0, -39.0, 50.69999814033508]",139,4128.299940347672,0.6,1000,26,397,0.397,0.3665163044933979,0.4280919695508241,397,0.397,0.3665163044933979,0.4280919695508241,0.1726906474820144
interaction_JX_minus_OI,gaussian,G4_r10,G4,10.0,"[33.0, -39.0, 50.69999814033508]",139,4128.299940347672,0.8,1000,32,723,0.723,0.6941339234158228,0.7505465579929897,723,0.723,0.6941339234158228,0.7505465579929897,0.4477410071942446
interaction_JX_minus_OI,centered_signflip_diagnostic,G4_r10,G4,10.0,"[33.0, -39.0, 50.69999814033508]",139,4128.299940347672,0.8,1000,26,755,0.755,0.7271158955377268,0.7813738416061395,755,0.755,0.7271158955377268,0.7813738416061395,0.4544676258992806
interaction_JX_minus_OI,gaussian,G4_r10,G4,10.0,"[33.0, -39.0, 50.69999814033508]",139,4128.299940347672,1.0,1000,32,955,0.955,0.9402471673065922,0.9669903745688512,955,0.955,0.9402471673065922,0.9669903745688512,0.7587769784172662
interaction_JX_minus_OI,centered_signflip_diagnostic,G4_r10,G4,10.0,"[33.0, -39.0, 50.69999814033508]",139,4128.299940347672,1.0,1000,26,964,0.964,0.9505070882819876,0.9746610850701622,964,0.964,0.9505070882819876,0.9746610850701622,0.7605539568345324
interaction_JX_minus_OI,gaussian,G4_r10,G4,10.0,"[33.0, -39.0, 50.69999814033508]",139,4128.299940347672,1.2,1000,32,996,0.996,0.98979033531607,0.998909092012274,996,0.996,0.98979033531607,0.998909092012274,0.928906474820144
interaction_JX_minus_OI,centered_signflip_diagnostic,G4_r10,G4,10.0,"[33.0, -39.0, 50.69999814033508]",139,4128.299940347672,1.2,1000,26,996,0.996,0.98979033531607,0.998909092012274,996,0.996,0.98979033531607,0.998909092012274,0.928906474820144
interaction_JX_minus_OI,gaussian,G4_r14,G4,14.0,"[33.0, -39.0, 50.69999814033508]",397,11790.899829626083,0.2,1000,32,30,0.03,0.0203304856831096,0.042551402470029,33,0.033,0.0228223833494595,0.0460339818170231,0.005448362720403
interaction_JX_minus_OI,centered_signflip_diagnostic,G4_r14,G4,14.0,"[33.0, -39.0, 50.69999814033508]",397,11790.899829626083,0.2,1000,26,37,0.037,0.0261827088437373,0.0506411230599248,40,0.04,0.0287276252858908,0.0540726968193685,0.0058589420654911
interaction_JX_minus_OI,gaussian,G4_r14,G4,14.0,"[33.0, -39.0, 50.69999814033508]",397,11790.899829626083,0.4,1000,32,186,0.186,0.1623359776416084,0.2115283592699378,186,0.186,0.1623359776416084,0.2115283592699378,0.0388992443324937
interaction_JX_minus_OI,centered_signflip_diagnostic,G4_r14,G4,14.0,"[33.0, -39.0, 50.69999814033508]",397,11790.899829626083,0.4,1000,26,209,0.209,0.1841859678193917,0.2355398695540775,209,0.209,0.1841859678193917,0.2355398695540775,0.0411360201511335
interaction_JX_minus_OI,gaussian,G4_r14,G4,14.0,"[33.0, -39.0, 50.69999814033508]",397,11790.899829626083,0.6,1000,32,562,0.562,0.5306047253440982,0.5930292354341888,562,0.562,0.5306047253440982,0.5930292354341888,0.179367758186398
interaction_JX_minus_OI,centered_signflip_diagnostic,G4_r14,G4,14.0,"[33.0, -39.0, 50.69999814033508]",397,11790.899829626083,0.6,1000,26,603,0.603,0.5719080304491759,0.6334836955066021,603,0.603,0.5719080304491759,0.6334836955066021,0.1836876574307304
interaction_JX_minus_OI,gaussian,G4_r14,G4,14.0,"[33.0, -39.0, 50.69999814033508]",397,11790.899829626083,0.8,1000,32,912,0.912,0.8927052349649914,0.9288248657147136,912,0.912,0.8927052349649914,0.9288248657147136,0.4675214105793451
interaction_JX_minus_OI,centered_signflip_diagnostic,G4_r14,G4,14.0,"[33.0, -39.0, 50.69999814033508]",397,11790.899829626083,0.8,1000,26,928,0.928,0.9101842508246492,0.9432413124454384,928,0.928,0.9101842508246492,0.9432413124454384,0.4699798488664987
interaction_JX_minus_OI,gaussian,G4_r14,G4,14.0,"[33.0, -39.0, 50.69999814033508]",397,11790.899829626083,1.0,1000,32,991,0.991,0.9829842169301054,0.9958766043396576,991,0.991,0.9829842169301054,0.9958766043396576,0.7611385390428212
interaction_JX_minus_OI,centered_signflip_diagnostic,G4_r14,G4,14.0,"[33.0, -39.0, 50.69999814033508]",397,11790.899829626083,1.0,1000,26,995,0.995,0.988370529440188,0.9983745804824372,995,0.995,0.988370529440188,0.9983745804824372,0.7617204030226701
interaction_JX_minus_OI,gaussian,G4_r14,G4,14.0,"[33.0, -39.0, 50.69999814033508]",397,11790.899829626083,1.2,1000,32,1000,1.0,0.9963179161031344,1.0,1000,1.0,0.9963179161031344,1.0,0.9285541561712848
interaction_JX_minus_OI,centered_signflip_diagnostic,G4_r14,G4,14.0,"[33.0, -39.0, 50.69999814033508]",397,11790.899829626083,1.2,1000,26,1000,1.0,0.9963179161031344,1.0,1000,1.0,0.9963179161031344,1.0,0.9285541561712848
